meas	Scout_end_use	original_ann	measure_ann	original_ts	measure_ts	sector	original_desc	measure_desc	original_desc_simple	measure_desc_simple
(C) 90.1 Lighting	Lighting	com_light_ann_1	com_light_ann_1	com_light_ts_1	com_light_ts_1	com	Com lighting	90.1 lighting	Com lighting	90.1 lighting
(C) 90.1 Plug Loads	Computers and Electronics	com_misc_ann_1	com_misc_ann_1	com_misc_ts_1	com_misc_ts_1	com	Computers and Electronics	Computers and Electronics	Computers and Electronics	Computers and Electronics
(C) Best HP FS (NG Boiler)	Cooling (Equip.)	com_hvac_ann_9	com_hvac_ann_10	com_cooling_ts_9	com_cooling_ts_9	com	ng boiler+rtac or chiller	Best HP boiler	ng boiler+rtac or chiller	Best HP boiler
(C) Best HP FS (NG Boiler)	Heating (Equip.)	com_hvac_ann_9	com_hvac_ann_10	com_heating_ts_9	com_heating_ts_4	com	ng boiler+rtac or chiller	Best HP boiler	ng boiler+rtac or chiller	Best HP boiler
(C) Best HP FS (NG Boiler)	Ventilation	com_hvac_ann_9	com_hvac_ann_10	com_ventilation_4	com_ventilation_4	com	ng boiler+rtac or chiller	Best HP boiler	ng boiler+rtac or chiller	Best HP boiler
(C) Best HP FS (NG Furnace & AC)	Cooling (Equip.)	com_hvac_ann_12	com_hvac_ann_12	com_cooling_ts_7	com_cooling_ts_7	com	ng furnace+cac&rac	Best HP	ng furnace+cac&rac	Best HP
(C) Best HP FS (NG Furnace & AC)	Heating (Equip.)	com_hvac_ann_12	com_hvac_ann_12	com_heating_ts_8	com_heating_ts_3	com	ng furnace+cac&rac	Best HP	ng furnace+cac&rac	Best HP
(C) Best HP FS (NG Furnace & AC)	Ventilation	com_hvac_ann_12	com_hvac_ann_12	com_ventilation_6	com_ventilation_6	com	ng furnace+cac&rac	Best HP	ng furnace+cac&rac	Best HP
(C) Best HP FS (Other Fossil Boiler)	Cooling (Equip.)	com_hvac_ann_22	com_hvac_ann_22	com_cooling_ts_9	com_cooling_ts_9	com	other fossil boiler+rtac or chiller	Best HP boiler	other fossil boiler+rtac or chiller	Best HP boiler
(C) Best HP FS (Other Fossil Boiler)	Heating (Equip.)	com_hvac_ann_22	com_hvac_ann_22	com_heating_ts_9	com_heating_ts_4	com	other fossil boiler+rtac or chiller	Best HP boiler	other fossil boiler+rtac or chiller	Best HP boiler
(C) Best HP FS (Other Fossil Boiler)	Ventilation	com_hvac_ann_22	com_hvac_ann_22	com_ventilation_4	com_ventilation_4	com	other fossil boiler+rtac or chiller	Best HP boiler	other fossil boiler+rtac or chiller	Best HP boiler
(C) Best HP FS (Other Fossil Furnace & AC)	Cooling (Equip.)	com_hvac_ann_24	com_hvac_ann_24	com_cooling_ts_7	com_cooling_ts_7	com	other fossil furnace+cac&rac	Best HP	other fossil furnace+cac&rac	Best HP
(C) Best HP FS (Other Fossil Furnace & AC)	Heating (Equip.)	com_hvac_ann_24	com_hvac_ann_24	com_heating_ts_8	com_heating_ts_3	com	other fossil furnace+cac&rac	Best HP	other fossil furnace+cac&rac	Best HP
(C) Best HP FS (Other Fossil Furnace & AC)	Ventilation	com_hvac_ann_24	com_hvac_ann_24	com_ventilation_6	com_ventilation_6	com	other fossil furnace+cac&rac	Best HP	other fossil furnace+cac&rac	Best HP
(C) Best HP FS (RTU, NG Heat)	Cooling (Equip.)	com_hvac_ann_16	com_hvac_ann_18	com_cooling_ts_9	com_cooling_ts_3	com	ng rtu+rtac or chiller	Best HP	ng rtu+rtac or chiller	Best HP
(C) Best HP FS (RTU, NG Heat)	Heating (Equip.)	com_hvac_ann_16	com_hvac_ann_18	com_heating_ts_8	com_heating_ts_3	com	ng rtu+rtac or chiller	Best HP	ng rtu+rtac or chiller	Best HP
(C) Best HP FS (RTU, NG Heat)	Ventilation	com_hvac_ann_16	com_hvac_ann_18	com_ventilation_5	com_ventilation_2	com	ng rtu+rtac or chiller	Best HP	ng rtu+rtac or chiller	Best HP
(C) Best HP FS (RTU, Other Fossil Heat)	Cooling (Equip.)	com_hvac_ann_28	com_hvac_ann_30	com_cooling_ts_9	com_cooling_ts_3	com	other fossil rtu+rtac or chiller	Best HP	other fossil rtu+rtac or chiller	Best HP
(C) Best HP FS (RTU, Other Fossil Heat)	Heating (Equip.)	com_hvac_ann_28	com_hvac_ann_30	com_heating_ts_8	com_heating_ts_3	com	other fossil rtu+rtac or chiller	Best HP	other fossil rtu+rtac or chiller	Best HP
(C) Best HP FS (RTU, Other Fossil Heat)	Ventilation	com_hvac_ann_28	com_hvac_ann_30	com_ventilation_5	com_ventilation_2	com	other fossil rtu+rtac or chiller	Best HP	other fossil rtu+rtac or chiller	Best HP
(C) Best HP Pt. FS (NG Boiler)	Cooling (Equip.)	com_hvac_ann_9	com_hvac_ann_11	com_cooling_ts_9	com_cooling_ts_9	com	ng boiler+rtac or chiller	Best HP boiler, fossil backup	ng boiler+rtac or chiller	Best HP boiler, fossil backup
(C) Best HP Pt. FS (NG Boiler)	Heating (Equip.)	com_hvac_ann_9	com_hvac_ann_11	com_heating_ts_9	com_heating_ts_5	com	ng boiler+rtac or chiller	Best HP, fossil backup	ng boiler+rtac or chiller	Best HP, fossil backup
(C) Best HP Pt. FS (NG Boiler)	Ventilation	com_hvac_ann_9	com_hvac_ann_11	com_ventilation_4	com_ventilation_4	com	ng boiler+rtac or chiller	Best HP boiler, fossil backup	ng boiler+rtac or chiller	Best HP boiler, fossil backup
(C) Best HP Pt. FS (NG Furnace & AC)	Cooling (Equip.)	com_hvac_ann_12	com_hvac_ann_12	com_cooling_ts_7	com_cooling_ts_7	com	ng furnace+cac&rac	Best HP, fossil backup	ng furnace+cac&rac	Best HP, fossil backup
(C) Best HP Pt. FS (NG Furnace & AC)	Heating (Equip.)	com_hvac_ann_12	com_hvac_ann_12	com_heating_ts_8	com_heating_ts_2	com	ng furnace+cac&rac	Best HP, fossil backup	ng furnace+cac&rac	Best HP, fossil backup
(C) Best HP Pt. FS (NG Furnace & AC)	Ventilation	com_hvac_ann_12	com_hvac_ann_12	com_ventilation_6	com_ventilation_6	com	ng furnace+cac&rac	Best HP, fossil backup	ng furnace+cac&rac	Best HP, fossil backup
(C) Best HP Pt. FS (Other Fossil Boiler)	Cooling (Equip.)	com_hvac_ann_22	com_hvac_ann_22	com_cooling_ts_9	com_cooling_ts_9	com	other fossil boiler+rtac or chiller	Best HP boiler, fossil backup	other fossil boiler+rtac or chiller	Best HP boiler, fossil backup
(C) Best HP Pt. FS (Other Fossil Boiler)	Heating (Equip.)	com_hvac_ann_22	com_hvac_ann_22	com_heating_ts_9	com_heating_ts_5	com	other fossil boiler+rtac or chiller	Best HP, fossil backup	other fossil boiler+rtac or chiller	Best HP, fossil backup
(C) Best HP Pt. FS (Other Fossil Boiler)	Ventilation	com_hvac_ann_22	com_hvac_ann_22	com_ventilation_4	com_ventilation_4	com	other fossil boiler+rtac or chiller	Best HP boiler, fossil backup	other fossil boiler+rtac or chiller	Best HP boiler, fossil backup
(C) Best HP Pt. FS (Other Fossil Furnace & AC)	Cooling (Equip.)	com_hvac_ann_24	com_hvac_ann_24	com_cooling_ts_7	com_cooling_ts_7	com	other fossil furnace+cac&rac	Best HP, fossil backup	other fossil furnace+cac&rac	Best HP, fossil backup
(C) Best HP Pt. FS (Other Fossil Furnace & AC)	Heating (Equip.)	com_hvac_ann_24	com_hvac_ann_24	com_heating_ts_8	com_heating_ts_2	com	other fossil furnace+cac&rac	Best HP, fossil backup	other fossil furnace+cac&rac	Best HP, fossil backup
(C) Best HP Pt. FS (Other Fossil Furnace & AC)	Ventilation	com_hvac_ann_24	com_hvac_ann_24	com_ventilation_6	com_ventilation_6	com	other fossil furnace+cac&rac	Best HP, fossil backup	other fossil furnace+cac&rac	Best HP, fossil backup
(C) Best HP Pt. FS (RTU, NG Heat)	Cooling (Equip.)	com_hvac_ann_16	com_hvac_ann_19	com_cooling_ts_9	com_cooling_ts_1	com	ng rtu+rtac or chiller	Best HP, fossil backup	ng rtu+rtac or chiller	Best HP, fossil backup
(C) Best HP Pt. FS (RTU, NG Heat)	Heating (Equip.)	com_hvac_ann_16	com_hvac_ann_19	com_heating_ts_8	com_heating_ts_2	com	ng rtu+rtac or chiller	Best HP, fossil backup	ng rtu+rtac or chiller	Best HP, fossil backup
(C) Best HP Pt. FS (RTU, NG Heat)	Ventilation	com_hvac_ann_16	com_hvac_ann_19	com_ventilation_5	com_ventilation_3	com	ng rtu+rtac or chiller	Best HP, fossil backup	ng rtu+rtac or chiller	Best HP, fossil backup
(C) Best HP Pt. FS (RTU, Other Fossil Heat)	Cooling (Equip.)	com_hvac_ann_28	com_hvac_ann_31	com_cooling_ts_9	com_cooling_ts_1	com	other fossil rtu+rtac or chiller	Best HP, fossil backup	other fossil rtu+rtac or chiller	Best HP, fossil backup
(C) Best HP Pt. FS (RTU, Other Fossil Heat)	Heating (Equip.)	com_hvac_ann_28	com_hvac_ann_31	com_heating_ts_8	com_heating_ts_2	com	other fossil rtu+rtac or chiller	Best HP, fossil backup	other fossil rtu+rtac or chiller	Best HP, fossil backup
(C) Best HP Pt. FS (RTU, Other Fossil Heat)	Ventilation	com_hvac_ann_28	com_hvac_ann_31	com_ventilation_5	com_ventilation_3	com	other fossil rtu+rtac or chiller	Best HP, fossil backup	other fossil rtu+rtac or chiller	Best HP, fossil backup
(C) Best HPWH FS	Water Heating	com_wh_ann_1	com_wh_ann_1	com_wh_ts_1	com_wh_ts_1	com	Fossil water heater	Best HPWH	Fossil water heater	Best HPWH
(C) Best HPWH TS	Water Heating	com_wh_ann_2	com_wh_ann_2	com_wh_ts_1	com_wh_ts_1	com	Resistance water heater	Best HPWH	Resistance water heater	Best HPWH
(C) Best Lighting	Lighting	com_light_ann_1	com_light_ann_1	com_light_ts_1	com_light_ts_1	com	Com lighting	Best lighting	Com lighting	Best lighting
(C) Best Plug Loads	Computers and Electronics	com_misc_ann_1	com_misc_ann_1	com_misc_ts_1	com_misc_ts_1	com	Computers and Electronics	Computers and Electronics	Computers and Electronics	Computers and Electronics
(C) Best Refrigeration	Refrigeration	com_refrig_ann_1	com_refrig_ann_1	com_refrig_ts_1	com_refrig_ts_1	com	Refrigeration	Refrigeration	Refrigeration	Refrigeration
(C) Brk. HP FS (NG Frn. AC) & Env.++	Cooling (Equip.)	com_hvac_ann_12	com_hvac_ann_12	com_cooling_ts_7	com_cooling_ts_7	com	ng furnace+cac&rac	Breakthrough HP & Env ++	ng furnace+cac&rac	Breakthrough HP
(C) Brk. HP FS (NG Frn. AC) & Env.++	Heating (Equip.)	com_hvac_ann_12	com_hvac_ann_12	com_heating_ts_8	com_heating_ts_8	com	ng furnace+cac&rac	Breakthrough HP & Env ++	ng furnace+cac&rac	Breakthrough HP
(C) Brk. HP FS (NG Frn. AC) & Env.++	Ventilation	com_hvac_ann_12	com_hvac_ann_12	com_ventilation_6	com_ventilation_6	com	ng furnace+cac&rac	Breakthrough HP & Env ++	ng furnace+cac&rac	Breakthrough HP
(C) Brk. HP FS (NG Furnace & AC)	Cooling (Equip.)	com_hvac_ann_12	com_hvac_ann_12	com_cooling_ts_7	com_cooling_ts_7	com	ng furnace+cac&rac	Breakthrough HP	ng furnace+cac&rac	Breakthrough HP
(C) Brk. HP FS (NG Furnace & AC)	Heating (Equip.)	com_hvac_ann_12	com_hvac_ann_12	com_heating_ts_8	com_heating_ts_5	com	ng furnace+cac&rac	Breakthrough HP	ng furnace+cac&rac	Breakthrough HP
(C) Brk. HP FS (NG Furnace & AC)	Ventilation	com_hvac_ann_12	com_hvac_ann_12	com_ventilation_6	com_ventilation_6	com	ng furnace+cac&rac	Breakthrough HP	ng furnace+cac&rac	Breakthrough HP
(C) Brk. HP FS (Oth. Fs. Frn. AC) & Env.++	Cooling (Equip.)	com_hvac_ann_24	com_hvac_ann_24	com_cooling_ts_7	com_cooling_ts_7	com	other fossil furnace+cac&rac	Breakthrough HP & Env ++	other fossil furnace+cac&rac	Breakthrough HP
(C) Brk. HP FS (Oth. Fs. Frn. AC) & Env.++	Heating (Equip.)	com_hvac_ann_24	com_hvac_ann_24	com_heating_ts_8	com_heating_ts_8	com	other fossil furnace+cac&rac	Breakthrough HP & Env ++	other fossil furnace+cac&rac	Breakthrough HP
(C) Brk. HP FS (Oth. Fs. Frn. AC) & Env.++	Ventilation	com_hvac_ann_24	com_hvac_ann_24	com_ventilation_6	com_ventilation_6	com	other fossil furnace+cac&rac	Breakthrough HP & Env ++	other fossil furnace+cac&rac	Breakthrough HP
(C) Brk. HP FS (Other Fossil Furnace & AC)	Cooling (Equip.)	com_hvac_ann_24	com_hvac_ann_24	com_cooling_ts_7	com_cooling_ts_7	com	other fossil furnace+cac&rac	Breakthrough HP	other fossil furnace+cac&rac	Breakthrough HP
(C) Brk. HP FS (Other Fossil Furnace & AC)	Heating (Equip.)	com_hvac_ann_24	com_hvac_ann_24	com_heating_ts_8	com_heating_ts_8	com	other fossil furnace+cac&rac	Breakthrough HP	other fossil furnace+cac&rac	Breakthrough HP
(C) Brk. HP FS (Other Fossil Furnace & AC)	Ventilation	com_hvac_ann_24	com_hvac_ann_24	com_ventilation_6	com_ventilation_6	com	other fossil furnace+cac&rac	Breakthrough HP	other fossil furnace+cac&rac	Breakthrough HP
(C) Bst. HP FS (NG Boiler) & Env.+	Cooling (Equip.)	com_hvac_ann_9	com_hvac_ann_40	com_cooling_ts_9	com_cooling_ts_11	com	ng boiler+rtac or chiller	Best HP boiler & Env +	ng boiler+rtac or chiller	Best HP boiler
(C) Bst. HP FS (NG Boiler) & Env.+	Heating (Equip.)	com_hvac_ann_9	com_hvac_ann_40	com_heating_ts_9	com_heating_ts_11	com	ng boiler+rtac or chiller	Best HP boiler & Env +	ng boiler+rtac or chiller	Best HP boiler
(C) Bst. HP FS (NG Boiler) & Env.+	Ventilation	com_hvac_ann_9	com_hvac_ann_40	com_ventilation_4	com_ventilation_10	com	ng boiler+rtac or chiller	Best HP boiler & Env +	ng boiler+rtac or chiller	Best HP boiler
(C) Bst. HP FS (RTU, NG Ht.) & Env.+	Cooling (Equip.)	com_hvac_ann_16	com_hvac_ann_18	com_cooling_ts_9	com_cooling_ts_3	com	ng rtu+rtac or chiller	Best HP & Env +	ng rtu+rtac or chiller	Best HP
(C) Bst. HP FS (RTU, NG Ht.) & Env.+	Heating (Equip.)	com_hvac_ann_16	com_hvac_ann_18	com_heating_ts_8	com_heating_ts_3	com	ng rtu+rtac or chiller	Best HP & Env +	ng rtu+rtac or chiller	Best HP
(C) Bst. HP FS (RTU, NG Ht.) & Env.+	Ventilation	com_hvac_ann_16	com_hvac_ann_18	com_ventilation_5	com_ventilation_2	com	ng rtu+rtac or chiller	Best HP & Env +	ng rtu+rtac or chiller	Best HP
(C) Bst. HP FS (RTU, Oth. Fs. Ht.) & Env.+	Cooling (Equip.)	com_hvac_ann_28	com_hvac_ann_30	com_cooling_ts_9	com_cooling_ts_3	com	other fossil rtu+rtac or chiller	Best HP & Env +	other fossil rtu+rtac or chiller	Best HP
(C) Bst. HP FS (RTU, Oth. Fs. Ht.) & Env.+	Heating (Equip.)	com_hvac_ann_28	com_hvac_ann_30	com_heating_ts_8	com_heating_ts_3	com	other fossil rtu+rtac or chiller	Best HP & Env +	other fossil rtu+rtac or chiller	Best HP
(C) Bst. HP FS (RTU, Oth. Fs. Ht.) & Env.+	Ventilation	com_hvac_ann_28	com_hvac_ann_30	com_ventilation_5	com_ventilation_2	com	other fossil rtu+rtac or chiller	Best HP & Env +	other fossil rtu+rtac or chiller	Best HP
(C) ES HP FS (RTU, NG Ht.) & Env.	Cooling (Equip.)	com_hvac_ann_16	com_hvac_ann_39	com_cooling_ts_9	com_cooling_ts_10	com	ng rtu+rtac or chiller	ESTAR HP & Env	ng rtu+rtac or chiller	ESTAR HP
(C) ES HP FS (RTU, NG Ht.) & Env.	Heating (Equip.)	com_hvac_ann_16	com_hvac_ann_39	com_heating_ts_8	com_heating_ts_10	com	ng rtu+rtac or chiller	ESTAR HP & Env	ng rtu+rtac or chiller	ESTAR HP
(C) ES HP FS (RTU, NG Ht.) & Env.	Ventilation	com_hvac_ann_16	com_hvac_ann_39	com_ventilation_5	com_ventilation_9	com	ng rtu+rtac or chiller	ESTAR HP & Env	ng rtu+rtac or chiller	ESTAR HP
(C) ES HP FS (RTU, Oth. Fs. Ht.) & Env.	Cooling (Equip.)	com_hvac_ann_28	com_hvac_ann_38	com_cooling_ts_9	com_cooling_ts_10	com	other fossil rtu+rtac or chiller	ESTAR HP & Env	other fossil rtu+rtac or chiller	ESTAR HP
(C) ES HP FS (RTU, Oth. Fs. Ht.) & Env.	Heating (Equip.)	com_hvac_ann_28	com_hvac_ann_38	com_heating_ts_8	com_heating_ts_10	com	other fossil rtu+rtac or chiller	ESTAR HP & Env	other fossil rtu+rtac or chiller	ESTAR HP
(C) ES HP FS (RTU, Oth. Fs. Ht.) & Env.	Ventilation	com_hvac_ann_28	com_hvac_ann_38	com_ventilation_5	com_ventilation_9	com	other fossil rtu+rtac or chiller	ESTAR HP & Env	other fossil rtu+rtac or chiller	ESTAR HP
(C) ES HP Pt. FS (RTU, NG Ht.) & Env.	Cooling (Equip.)	com_hvac_ann_16	com_hvac_ann_19	com_cooling_ts_9	com_cooling_ts_1	com	ng rtu+rtac or chiller	ESTAR HP & Env	ng rtu+rtac or chiller	ESTAR HP
(C) ES HP Pt. FS (RTU, NG Ht.) & Env.	Heating (Equip.)	com_hvac_ann_16	com_hvac_ann_19	com_heating_ts_8	com_heating_ts_2	com	ng rtu+rtac or chiller	ESTAR HP & Env	ng rtu+rtac or chiller	ESTAR HP
(C) ES HP Pt. FS (RTU, NG Ht.) & Env.	Ventilation	com_hvac_ann_16	com_hvac_ann_19	com_ventilation_5	com_ventilation_3	com	ng rtu+rtac or chiller	ESTAR HP & Env	ng rtu+rtac or chiller	ESTAR HP
(C) ES HP Pt. FS (RTU, Oth. Fs. Ht.) & Env.	Cooling (Equip.)	com_hvac_ann_28	com_hvac_ann_31	com_cooling_ts_9	com_cooling_ts_1	com	other fossil rtu+rtac or chiller	ESTAR HP & Env	other fossil rtu+rtac or chiller	ESTAR HP
(C) ES HP Pt. FS (RTU, Oth. Fs. Ht.) & Env.	Heating (Equip.)	com_hvac_ann_28	com_hvac_ann_31	com_heating_ts_8	com_heating_ts_2	com	other fossil rtu+rtac or chiller	ESTAR HP & Env	other fossil rtu+rtac or chiller	ESTAR HP
(C) ES HP Pt. FS (RTU, Oth. Fs. Ht.) & Env.	Ventilation	com_hvac_ann_28	com_hvac_ann_31	com_ventilation_5	com_ventilation_3	com	other fossil rtu+rtac or chiller	ESTAR HP & Env	other fossil rtu+rtac or chiller	ESTAR HP
(C) ESTAR HP FS (NG Furnace)	Cooling (Equip.)	com_hvac_ann_12	com_hvac_ann_12	com_cooling_ts_7	com_cooling_ts_7	com	ng furnace+cac&rac	ESTAR HP	ng furnace+cac&rac	ESTAR HP
(C) ESTAR HP FS (NG Furnace)	Heating (Equip.)	com_hvac_ann_12	com_hvac_ann_12	com_heating_ts_8	com_heating_ts_1	com	ng furnace+cac&rac	ESTAR HP	ng furnace+cac&rac	ESTAR HP
(C) ESTAR HP FS (NG Furnace)	Ventilation	com_hvac_ann_12	com_hvac_ann_12	com_ventilation_6	com_ventilation_6	com	ng furnace+cac&rac	ESTAR HP	ng furnace+cac&rac	ESTAR HP
(C) ESTAR HP FS (Other Fossil Furnace)	Cooling (Equip.)	com_hvac_ann_24	com_hvac_ann_24	com_cooling_ts_7	com_cooling_ts_7	com	other fossil furnace+cac&rac	ESTAR HP	other fossil furnace+cac&rac	ESTAR HP
(C) ESTAR HP FS (Other Fossil Furnace)	Heating (Equip.)	com_hvac_ann_24	com_hvac_ann_24	com_heating_ts_8	com_heating_ts_1	com	other fossil furnace+cac&rac	ESTAR HP	other fossil furnace+cac&rac	ESTAR HP
(C) ESTAR HP FS (Other Fossil Furnace)	Ventilation	com_hvac_ann_24	com_hvac_ann_24	com_ventilation_6	com_ventilation_6	com	other fossil furnace+cac&rac	ESTAR HP	other fossil furnace+cac&rac	ESTAR HP
(C) ESTAR HP FS (RTU, NG Heat)	Cooling (Equip.)	com_hvac_ann_16	com_hvac_ann_17	com_cooling_ts_9	com_cooling_ts_1	com	ng rtu+rtac or chiller	ESTAR HP	ng rtu+rtac or chiller	ESTAR HP
(C) ESTAR HP FS (RTU, NG Heat)	Heating (Equip.)	com_hvac_ann_16	com_hvac_ann_17	com_heating_ts_8	com_heating_ts_1	com	ng rtu+rtac or chiller	ESTAR HP	ng rtu+rtac or chiller	ESTAR HP
(C) ESTAR HP FS (RTU, NG Heat)	Ventilation	com_hvac_ann_16	com_hvac_ann_17	com_ventilation_5	com_ventilation_1	com	ng rtu+rtac or chiller	ESTAR HP	ng rtu+rtac or chiller	ESTAR HP
(C) ESTAR HP FS (RTU, Other Fossil Heat)	Cooling (Equip.)	com_hvac_ann_28	com_hvac_ann_29	com_cooling_ts_9	com_cooling_ts_1	com	other fossil rtu+rtac or chiller	ESTAR HP	other fossil rtu+rtac or chiller	ESTAR HP
(C) ESTAR HP FS (RTU, Other Fossil Heat)	Heating (Equip.)	com_hvac_ann_28	com_hvac_ann_29	com_heating_ts_8	com_heating_ts_1	com	other fossil rtu+rtac or chiller	ESTAR HP	other fossil rtu+rtac or chiller	ESTAR HP
(C) ESTAR HP FS (RTU, Other Fossil Heat)	Ventilation	com_hvac_ann_28	com_hvac_ann_29	com_ventilation_5	com_ventilation_1	com	other fossil rtu+rtac or chiller	ESTAR HP	other fossil rtu+rtac or chiller	ESTAR HP
(C) ESTAR HP Pt. FS (NG Furnace)	Cooling (Equip.)	com_hvac_ann_12	com_hvac_ann_12	com_cooling_ts_7	com_cooling_ts_7	com	ng furnace+cac&rac	ESTAR HP, fossil backup	ng furnace+cac&rac	ESTAR HP, fossil backup
(C) ESTAR HP Pt. FS (NG Furnace)	Heating (Equip.)	com_hvac_ann_12	com_hvac_ann_12	com_heating_ts_8	com_heating_ts_2	com	ng furnace+cac&rac	ESTAR HP, fossil backup	ng furnace+cac&rac	ESTAR HP, fossil backup
(C) ESTAR HP Pt. FS (NG Furnace)	Ventilation	com_hvac_ann_12	com_hvac_ann_12	com_ventilation_6	com_ventilation_6	com	ng furnace+cac&rac	ESTAR HP, fossil backup	ng furnace+cac&rac	ESTAR HP, fossil backup
(C) ESTAR HP Pt. FS (Other Fossil Furnace)	Cooling (Equip.)	com_hvac_ann_24	com_hvac_ann_24	com_cooling_ts_7	com_cooling_ts_7	com	other fossil furnace+cac&rac	ESTAR HP, fossil backup	other fossil furnace+cac&rac	ESTAR HP, fossil backup
(C) ESTAR HP Pt. FS (Other Fossil Furnace)	Heating (Equip.)	com_hvac_ann_24	com_hvac_ann_24	com_heating_ts_8	com_heating_ts_2	com	other fossil furnace+cac&rac	ESTAR HP, fossil backup	other fossil furnace+cac&rac	ESTAR HP, fossil backup
(C) ESTAR HP Pt. FS (Other Fossil Furnace)	Ventilation	com_hvac_ann_24	com_hvac_ann_24	com_ventilation_6	com_ventilation_6	com	other fossil furnace+cac&rac	ESTAR HP, fossil backup	other fossil furnace+cac&rac	ESTAR HP, fossil backup
(C) ESTAR HP Pt. FS (RTU, NG Heat)	Cooling (Equip.)	com_hvac_ann_16	com_hvac_ann_19	com_cooling_ts_9	com_cooling_ts_1	com	ng rtu+rtac or chiller	ESTAR HP, fossil backup	ng rtu+rtac or chiller	ESTAR HP, fossil backup
(C) ESTAR HP Pt. FS (RTU, NG Heat)	Heating (Equip.)	com_hvac_ann_16	com_hvac_ann_19	com_heating_ts_8	com_heating_ts_2	com	ng rtu+rtac or chiller	ESTAR HP, fossil backup	ng rtu+rtac or chiller	ESTAR HP, fossil backup
(C) ESTAR HP Pt. FS (RTU, NG Heat)	Ventilation	com_hvac_ann_16	com_hvac_ann_19	com_ventilation_5	com_ventilation_3	com	ng rtu+rtac or chiller	ESTAR HP, fossil backup	ng rtu+rtac or chiller	ESTAR HP, fossil backup
(C) ESTAR HP Pt. FS (RTU, Other Fossil Heat)	Cooling (Equip.)	com_hvac_ann_28	com_hvac_ann_31	com_cooling_ts_9	com_cooling_ts_1	com	other fossil rtu+rtac or chiller	ESTAR HP, fossil backup	other fossil rtu+rtac or chiller	ESTAR HP, fossil backup
(C) ESTAR HP Pt. FS (RTU, Other Fossil Heat)	Heating (Equip.)	com_hvac_ann_28	com_hvac_ann_31	com_heating_ts_8	com_heating_ts_2	com	other fossil rtu+rtac or chiller	ESTAR HP, fossil backup	other fossil rtu+rtac or chiller	ESTAR HP, fossil backup
(C) ESTAR HP Pt. FS (RTU, Other Fossil Heat)	Ventilation	com_hvac_ann_28	com_hvac_ann_31	com_ventilation_5	com_ventilation_3	com	other fossil rtu+rtac or chiller	ESTAR HP, fossil backup	other fossil rtu+rtac or chiller	ESTAR HP, fossil backup
(C) ESTAR HP TS (Resist. Heat)	Cooling (Equip.)	com_hvac_ann_35	com_hvac_ann_36	com_cooling_ts_9	com_cooling_ts_1	com	resistance heat+rtac or chiller	ESTAR HP	resistance heat+rtac or chiller	ESTAR HP
(C) ESTAR HP TS (Resist. Heat)	Heating (Equip.)	com_hvac_ann_35	com_hvac_ann_36	com_heating_ts_7	com_heating_ts_1	com	resistance heat+rtac or chiller	ESTAR HP	resistance heat+rtac or chiller	ESTAR HP
(C) ESTAR HP TS (Resist. Heat)	Ventilation	com_hvac_ann_35	com_hvac_ann_36	com_ventilation_7	com_ventilation_1	com	resistance heat+rtac or chiller	ESTAR HP	resistance heat+rtac or chiller	ESTAR HP
(C) ESTAR HP TS (RTU, Resist. Heat)	Cooling (Equip.)	com_hvac_ann_35	com_hvac_ann_36	com_cooling_ts_9	com_cooling_ts_1	com	resistance heat+rtac or chiller	ESTAR HP	resistance heat+rtac or chiller	ESTAR HP
(C) ESTAR HP TS (RTU, Resist. Heat)	Heating (Equip.)	com_hvac_ann_35	com_hvac_ann_36	com_heating_ts_7	com_heating_ts_1	com	resistance heat+rtac or chiller	ESTAR HP	resistance heat+rtac or chiller	ESTAR HP
(C) ESTAR HPWH FS	Water Heating	com_wh_ann_1	com_wh_ann_1	com_wh_ts_1	com_wh_ts_1	com	Fossil water heater	ESTAR HPWH	Fossil water heater	ESTAR HPWH
(C) ESTAR HPWH TS	Water Heating	com_wh_ann_2	com_wh_ann_2	com_wh_ts_1	com_wh_ts_1	com	Resistance water heater	ESTAR HPWH	Resistance water heater	ESTAR HPWH
(C) Induction Range FS	Cooking	com_cook_ann_1	com_cook_ann_1	com_cook_ts_1	com_cook_ts_1	com	Fossil range	Induction range	Fossil range	Induction range
(C) Min. Efficiency HP FS (NG Furnace)	Cooling (Equip.)	com_hvac_ann_12	com_hvac_ann_12	com_cooling_ts_7	com_cooling_ts_7	com	ng furnace+cac&rac	Min. Eff HP	ng furnace+cac&rac	Min. Eff HP
(C) Min. Efficiency HP FS (NG Furnace)	Heating (Equip.)	com_hvac_ann_12	com_hvac_ann_12	com_heating_ts_8	com_heating_ts_1	com	ng furnace+cac&rac	Min. Eff HP	ng furnace+cac&rac	Min. Eff HP
(C) Min. Efficiency HP FS (NG Furnace)	Ventilation	com_hvac_ann_12	com_hvac_ann_12	com_ventilation_6	com_ventilation_6	com	ng furnace+cac&rac	Min. Eff HP	ng furnace+cac&rac	Min. Eff HP
(C) Min. Efficiency HP FS (Other Fossil Furnace)	Cooling (Equip.)	com_hvac_ann_24	com_hvac_ann_24	com_cooling_ts_7	com_cooling_ts_7	com	other fossil furnace+cac&rac	Min. Eff HP	other fossil furnace+cac&rac	Min. Eff HP
(C) Min. Efficiency HP FS (Other Fossil Furnace)	Heating (Equip.)	com_hvac_ann_24	com_hvac_ann_24	com_heating_ts_8	com_heating_ts_1	com	other fossil furnace+cac&rac	Min. Eff HP	other fossil furnace+cac&rac	Min. Eff HP
(C) Min. Efficiency HP FS (Other Fossil Furnace)	Ventilation	com_hvac_ann_24	com_hvac_ann_24	com_ventilation_6	com_ventilation_6	com	other fossil furnace+cac&rac	Min. Eff HP	other fossil furnace+cac&rac	Min. Eff HP
(C) Min. Efficiency HP FS (RTU, NG Heat)	Cooling (Equip.)	com_hvac_ann_16	com_hvac_ann_17	com_cooling_ts_9	com_cooling_ts_1	com	ng rtu+rtac or chiller	Min. Eff HP	ng rtu+rtac or chiller	Min. Eff HP
(C) Min. Efficiency HP FS (RTU, NG Heat)	Heating (Equip.)	com_hvac_ann_16	com_hvac_ann_17	com_heating_ts_8	com_heating_ts_1	com	ng rtu+rtac or chiller	Min. Eff HP	ng rtu+rtac or chiller	Min. Eff HP
(C) Min. Efficiency HP FS (RTU, NG Heat)	Ventilation	com_hvac_ann_16	com_hvac_ann_17	com_ventilation_5	com_ventilation_1	com	ng rtu+rtac or chiller	Min. Eff HP	ng rtu+rtac or chiller	Min. Eff HP
(C) Min. Efficiency HP FS (RTU, Other Fossil Heat)	Cooling (Equip.)	com_hvac_ann_28	com_hvac_ann_29	com_cooling_ts_9	com_cooling_ts_1	com	other fossil rtu+rtac or chiller	Min. Eff HP	other fossil rtu+rtac or chiller	Min. Eff HP
(C) Min. Efficiency HP FS (RTU, Other Fossil Heat)	Heating (Equip.)	com_hvac_ann_28	com_hvac_ann_29	com_heating_ts_8	com_heating_ts_1	com	other fossil rtu+rtac or chiller	Min. Eff HP	other fossil rtu+rtac or chiller	Min. Eff HP
(C) Min. Efficiency HP FS (RTU, Other Fossil Heat)	Ventilation	com_hvac_ann_28	com_hvac_ann_29	com_ventilation_5	com_ventilation_1	com	other fossil rtu+rtac or chiller	Min. Eff HP	other fossil rtu+rtac or chiller	Min. Eff HP
(C) Ref. Case ASHP	Cooling (Equip.)	com_hvac_ann_1	com_hvac_ann_1	com_cooling_ts_1	com_cooling_ts_1	com	Ref. HP	Ref. HP	Ref. HP	Ref. HP
(C) Ref. Case ASHP	Heating (Equip.)	com_hvac_ann_1	com_hvac_ann_1	com_heating_ts_1	com_heating_ts_1	com	Ref. HP	Ref. HP	Ref. HP	Ref. HP
(C) Ref. Case ASHP (RTU)	Cooling (Equip.)	com_hvac_ann_1	com_hvac_ann_1	com_cooling_ts_1	com_cooling_ts_1	com	Ref. HP	Ref. HP	Ref. HP	Ref. HP
(C) Ref. Case ASHP (RTU)	Heating (Equip.)	com_hvac_ann_1	com_hvac_ann_1	com_heating_ts_1	com_heating_ts_1	com	Ref. HP	Ref. HP	Ref. HP	Ref. HP
(C) Ref. Case ASHP (RTU)	Ventilation	com_hvac_ann_1	com_hvac_ann_1	com_ventilation_9	com_ventilation_9	com	Ref. HP	Ref. HP	Ref. HP	Ref. HP
(C) Ref. Case Elec. Boiler FS (NG Boiler)	Cooling (Equip.)	com_hvac_ann_9	com_hvac_ann_10	com_cooling_ts_9	com_cooling_ts_9	com	ng boiler+rtac or chiller	Electric boiler	ng boiler+rtac or chiller	Electric boiler
(C) Ref. Case Elec. Boiler FS (NG Boiler)	Heating (Equip.)	com_hvac_ann_9	com_hvac_ann_10	com_heating_ts_9	com_heating_ts_4	com	ng boiler+rtac or chiller	Electric boiler	ng boiler+rtac or chiller	Electric boiler
(C) Ref. Case Elec. Boiler FS (NG Boiler)	Ventilation	com_hvac_ann_9	com_hvac_ann_10	com_ventilation_4	com_ventilation_4	com	ng boiler+rtac or chiller	Electric boiler	ng boiler+rtac or chiller	Electric boiler
(C) Ref. Case Elec. Boiler FS (Other Fossil Boiler)	Cooling (Equip.)	com_hvac_ann_22	com_hvac_ann_22	com_cooling_ts_9	com_cooling_ts_9	com	other fossil boiler+rtac or chiller	Electric boiler	other fossil boiler+rtac or chiller	Electric boiler
(C) Ref. Case Elec. Boiler FS (Other Fossil Boiler)	Heating (Equip.)	com_hvac_ann_22	com_hvac_ann_22	com_heating_ts_9	com_heating_ts_4	com	other fossil boiler+rtac or chiller	Electric boiler	other fossil boiler+rtac or chiller	Electric boiler
(C) Ref. Case Elec. Boiler FS (Other Fossil Boiler)	Ventilation	com_hvac_ann_22	com_hvac_ann_22	com_ventilation_4	com_ventilation_4	com	other fossil boiler+rtac or chiller	Electric boiler	other fossil boiler+rtac or chiller	Electric boiler
(C) Ref. Case Electric Other	Other	com_misc_ann_1	com_misc_ann_1	com_misc_ts_1	com_misc_ts_1	com	Other	Other	Other	Other
(C) Ref. Case Electric Range	Cooking	com_cook_ann_2	com_cook_ann_2	com_cook_ts_1	com_cook_ts_1	com	Electric range	Electric range	Electric range	Electric range
(C) Ref. Case Electric Range FS	Cooking	com_cook_ann_1	com_cook_ann_1	com_cook_ts_1	com_cook_ts_1	com	Fossil range	Electric range	Fossil range	Electric range
(C) Ref. Case Fossil Other	Other	com_misc_ann_1	com_misc_ann_1	com_misc_ts_1	com_misc_ts_1	com	Fossil other	Fossil other	Fossil other	Fossil other
(C) Ref. Case Gas Range	Cooking	com_cook_ann_1	com_cook_ann_1	com_cook_ts_1	com_cook_ts_1	com	Fossil range	Fossil range	Fossil range	Fossil range
(C) Ref. Case Gas WH	Water Heating	com_wh_ann_1	com_wh_ann_1	com_wh_ts_1	com_wh_ts_1	com	Fossil water heater	Fossil water heater	Fossil water heater	Fossil water heater
(C) Ref. Case GSHP	Cooling (Equip.)	com_hvac_ann_4	com_hvac_ann_4	com_cooling_ts_8	com_cooling_ts_8	com	GSHP	GSHP	GSHP	GSHP
(C) Ref. Case GSHP	Heating (Equip.)	com_hvac_ann_4	com_hvac_ann_4	com_heating_ts_6	com_heating_ts_6	com	GSHP	GSHP	GSHP	GSHP
(C) Ref. Case GSHP	Ventilation	com_hvac_ann_4	com_hvac_ann_4	com_ventilation_8	com_ventilation_8	com	GSHP	GSHP	GSHP	GSHP
(C) Ref. Case Lighting	Lighting	com_light_ann_1	com_light_ann_1	com_light_ts_1	com_light_ts_1	com	Com lighting	Com lighting	Com lighting	Com lighting
(C) Ref. Case Misc. Electric Appliances	Other	com_misc_ann_1	com_misc_ann_1	com_misc_ts_1	com_misc_ts_1	com	Misc. electric appliances	Misc. electric appliances	Misc. electric appliances	Misc. electric appliances
(C) Ref. Case NG Boiler & Chiller	Cooling (Equip.)	com_hvac_ann_9	com_hvac_ann_9	com_cooling_ts_9	com_cooling_ts_9	com	ng boiler+rtac or chiller	ng boiler+rtac or chiller	ng boiler+rtac or chiller	ng boiler+rtac or chiller
(C) Ref. Case NG Boiler & Chiller	Heating (Equip.)	com_hvac_ann_9	com_hvac_ann_9	com_heating_ts_9	com_heating_ts_4	com	ng boiler+rtac or chiller	ng boiler+rtac or chiller	ng boiler+rtac or chiller	ng boiler+rtac or chiller
(C) Ref. Case NG Boiler & Chiller	Ventilation	com_hvac_ann_9	com_hvac_ann_9	com_ventilation_4	com_ventilation_4	com	ng boiler+rtac or chiller	ng boiler+rtac or chiller	ng boiler+rtac or chiller	ng boiler+rtac or chiller
(C) Ref. Case NG Furnace & AC	Cooling (Equip.)	com_hvac_ann_12	com_hvac_ann_12	com_cooling_ts_7	com_cooling_ts_7	com	ng furnace+cac&rac	ng furnace+cac&rac	ng furnace+cac&rac	ng furnace+cac&rac
(C) Ref. Case NG Furnace & AC	Heating (Equip.)	com_hvac_ann_12	com_hvac_ann_12	com_heating_ts_8	com_heating_ts_8	com	ng furnace+cac&rac	ng furnace+cac&rac	ng furnace+cac&rac	ng furnace+cac&rac
(C) Ref. Case NG Furnace & AC	Ventilation	com_hvac_ann_12	com_hvac_ann_12	com_ventilation_6	com_ventilation_6	com	ng furnace+cac&rac	ng furnace+cac&rac	ng furnace+cac&rac	ng furnace+cac&rac
(C) Ref. Case Other Fossil Boiler & Chiller	Cooling (Equip.)	com_hvac_ann_22	com_hvac_ann_22	com_cooling_ts_9	com_cooling_ts_9	com	other fossil boiler+rtac or chiller	other fossil boiler+rtac or chiller	other fossil boiler+rtac or chiller	other fossil boiler+rtac or chiller
(C) Ref. Case Other Fossil Boiler & Chiller	Heating (Equip.)	com_hvac_ann_22	com_hvac_ann_22	com_heating_ts_9	com_heating_ts_9	com	other fossil boiler+rtac or chiller	other fossil boiler+rtac or chiller	other fossil boiler+rtac or chiller	other fossil boiler+rtac or chiller
(C) Ref. Case Other Fossil Boiler & Chiller	Ventilation	com_hvac_ann_22	com_hvac_ann_22	com_ventilation_4	com_ventilation_4	com	other fossil boiler+rtac or chiller	other fossil boiler+rtac or chiller	other fossil boiler+rtac or chiller	other fossil boiler+rtac or chiller
(C) Ref. Case Other Fossil Furnace & AC	Cooling (Equip.)	com_hvac_ann_24	com_hvac_ann_24	com_cooling_ts_7	com_cooling_ts_7	com	other fossil furnace+cac&rac	other fossil furnace+cac&rac	other fossil furnace+cac&rac	other fossil furnace+cac&rac
(C) Ref. Case Other Fossil Furnace & AC	Heating (Equip.)	com_hvac_ann_24	com_hvac_ann_24	com_heating_ts_8	com_heating_ts_8	com	other fossil furnace+cac&rac	other fossil furnace+cac&rac	other fossil furnace+cac&rac	other fossil furnace+cac&rac
(C) Ref. Case Other Fossil Furnace & AC	Ventilation	com_hvac_ann_24	com_hvac_ann_24	com_ventilation_6	com_ventilation_6	com	other fossil furnace+cac&rac	other fossil furnace+cac&rac	other fossil furnace+cac&rac	other fossil furnace+cac&rac
(C) Ref. Case Plug Loads	Computers and Electronics	com_misc_ann_1	com_misc_ann_1	com_misc_ts_1	com_misc_ts_1	com	Computers and Electronics	Computers and Electronics	Computers and Electronics	Computers and Electronics
(C) Ref. Case Refrigeration	Refrigeration	com_refrig_ann_1	com_refrig_ann_1	com_refrig_ts_1	com_refrig_ts_1	com	Refrigeration	Refrigeration	Refrigeration	Refrigeration
(C) Ref. Case Resist. WH	Water Heating	com_wh_ann_2	com_wh_ann_2	com_wh_ts_1	com_wh_ts_1	com	Resistance water heater	Resistance water heater	Resistance water heater	Resistance water heater
(C) Ref. Case Resist. WH FS	Water Heating	com_wh_ann_1	com_wh_ann_1	com_wh_ts_1	com_wh_ts_1	com	Fossil water heater	Resistance water heater	Fossil water heater	Resistance water heater
(C) Ref. Case Resist. WH TS	Water Heating	com_wh_ann_2	com_wh_ann_2	com_wh_ts_1	com_wh_ts_1	com	Resistance water heater	Resistance water heater	Resistance water heater	Resistance water heater
(C) Ref. Case RTHP	Cooling (Equip.)	com_hvac_ann_1	com_hvac_ann_1	com_cooling_ts_1	com_cooling_ts_1	com	Ref. HP	Ref. HP	Ref. HP	Ref. HP
(C) Ref. Case RTHP	Heating (Equip.)	com_hvac_ann_1	com_hvac_ann_1	com_heating_ts_1	com_heating_ts_1	com	Ref. HP	Ref. HP	Ref. HP	Ref. HP
(C) Ref. Case RTU, NG Heat	Cooling (Equip.)	com_hvac_ann_16	com_hvac_ann_16	com_cooling_ts_9	com_cooling_ts_9	com	ng rtu+rtac or chiller	ng rtu+rtac or chiller	ng rtu+rtac or chiller	ng rtu+rtac or chiller
(C) Ref. Case RTU, NG Heat	Heating (Equip.)	com_hvac_ann_16	com_hvac_ann_16	com_heating_ts_8	com_heating_ts_8	com	ng rtu+rtac or chiller	ng rtu+rtac or chiller	ng rtu+rtac or chiller	ng rtu+rtac or chiller
(C) Ref. Case RTU, NG Heat	Ventilation	com_hvac_ann_16	com_hvac_ann_16	com_ventilation_5	com_ventilation_5	com	ng rtu+rtac or chiller	ng rtu+rtac or chiller	ng rtu+rtac or chiller	ng rtu+rtac or chiller
(C) Ref. Case RTU, Other Fossil Heat	Cooling (Equip.)	com_hvac_ann_28	com_hvac_ann_28	com_cooling_ts_9	com_cooling_ts_9	com	other fossil rtu+rtac or chiller	other fossil rtu+rtac or chiller	other fossil rtu+rtac or chiller	other fossil rtu+rtac or chiller
(C) Ref. Case RTU, Other Fossil Heat	Heating (Equip.)	com_hvac_ann_28	com_hvac_ann_28	com_heating_ts_8	com_heating_ts_8	com	other fossil rtu+rtac or chiller	other fossil rtu+rtac or chiller	other fossil rtu+rtac or chiller	other fossil rtu+rtac or chiller
(C) Ref. Case RTU, Other Fossil Heat	Ventilation	com_hvac_ann_28	com_hvac_ann_28	com_ventilation_5	com_ventilation_5	com	other fossil rtu+rtac or chiller	other fossil rtu+rtac or chiller	other fossil rtu+rtac or chiller	other fossil rtu+rtac or chiller
(C) Ref. Case RTU, Resist. Heat	Cooling (Equip.)	com_hvac_ann_35	com_hvac_ann_35	com_cooling_ts_9	com_cooling_ts_9	com	resistance heat+rtac or chiller	ng boiler+rtac or chiller	resistance heat+rtac or chiller	ng boiler+rtac or chiller
(C) Ref. Case RTU, Resist. Heat	Heating (Equip.)	com_hvac_ann_35	com_hvac_ann_35	com_heating_ts_7	com_heating_ts_7	com	resistance heat+rtac or chiller	ng boiler+rtac or chiller	resistance heat+rtac or chiller	ng boiler+rtac or chiller
(C) Ref. Case Ventilation	Ventilation	com_hvac_ann_41	com_hvac_ann_41	com_ventilation_11	com_ventilation_11	com	any	any	any	any
(C) Ref. Case, Resist. Heat	Cooling (Equip.)	com_hvac_ann_35	com_hvac_ann_35	com_cooling_ts_9	com_cooling_ts_9	com	resistance heat+rtac or chiller	resistance heat+rtac or chiller	resistance heat+rtac or chiller	resistance heat+rtac or chiller
(C) Ref. Case, Resist. Heat	Heating (Equip.)	com_hvac_ann_35	com_hvac_ann_35	com_heating_ts_7	com_heating_ts_7	com	resistance heat+rtac or chiller	resistance heat+rtac or chiller	resistance heat+rtac or chiller	resistance heat+rtac or chiller
(C) Ref. Case, Resist. Heat	Ventilation	com_hvac_ann_35	com_hvac_ann_35	com_ventilation_7	com_ventilation_7	com	resistance heat+rtac or chiller	resistance heat+rtac or chiller	resistance heat+rtac or chiller	resistance heat+rtac or chiller
(C) Ref. Case, Resist. Heat TS	Cooling (Equip.)	com_hvac_ann_35	com_hvac_ann_35	com_cooling_ts_9	com_cooling_ts_9	com	resistance heat+rtac or chiller	resistance heat+rtac or chiller	resistance heat+rtac or chiller	resistance heat+rtac or chiller
(C) Ref. Case, Resist. Heat TS	Heating (Equip.)	com_hvac_ann_35	com_hvac_ann_35	com_heating_ts_7	com_heating_ts_7	com	resistance heat+rtac or chiller	resistance heat+rtac or chiller	resistance heat+rtac or chiller	resistance heat+rtac or chiller
(C) Ref. Case, Resist. Heat TS	Ventilation	com_hvac_ann_35	com_hvac_ann_35	com_ventilation_7	com_ventilation_7	com	resistance heat+rtac or chiller	resistance heat+rtac or chiller	resistance heat+rtac or chiller	resistance heat+rtac or chiller
(R) Best Clothes Washer	Other	res_cw_ann_1	res_cw_ann_1	res_cw_ts_1	res_cw_ts_1	res	Clothes washer	Best clothes washer	Clothes washer	Best clothes washer
(R) Best Dishwasher	Other	res_dw_ann_1	res_dw_ann_1	res_dw_ts_1	res_dw_ts_1	res	Dishwasher	Best dishwasher	Dishwasher	Best dishwasher
(R) Best Electronics	Computers and Electronics	res_misc_ann_1	res_misc_ann_1	res_misc_ts_1	res_misc_ts_1	res	Computers and Electronics	Computers and Electronics	Computers and Electronics	Computers and Electronics
(R) Best HP Dryer FS	Other	res_dry_ann_1	res_dry_ann_2	res_dry_ts_1	res_dry_ts_3	res	Fossil dryer	Best HP dryer	Fossil dryer	Best HP dryer
(R) Best HP Dryer TS	Other	res_dry_ann_3	res_dry_ann_4	res_dry_ts_2	res_dry_ts_3	res	Resistance dryer	Best HP dryer	Resistance dryer	Best HP dryer
(R) Best HP FS (NG Boiler)	Cooling (Equip.)	res_hvac_ann_10	res_hvac_ann_12	res_cooling_ts_1	res_cooling_ts_3	res	AC	Best ASHP	AC	Best ASHP
(R) Best HP FS (NG Boiler)	Heating (Equip.)	res_hvac_ann_10	res_hvac_ann_12	res_heating_ts_2	res_heating_ts_4	res	fossil	Best ASHP	fossil	Best ASHP
(R) Best HP FS (NG Furnace)	Cooling (Equip.)	res_hvac_ann_10	res_hvac_ann_12	res_cooling_ts_1	res_cooling_ts_3	res	AC	Best ASHP	AC	Best ASHP
(R) Best HP FS (NG Furnace)	Heating (Equip.)	res_hvac_ann_10	res_hvac_ann_12	res_heating_ts_2	res_heating_ts_4	res	fossil	Best ASHP	fossil	Best ASHP
(R) Best HP FS (NG Heat, No Cool)	Cooling (Equip.)	res_hvac_ann_62	res_hvac_ann_64	res_cooling_ts_0	res_cooling_ts_3	res	none	Best ASHP	none	Best ASHP
(R) Best HP FS (NG Heat, No Cool)	Heating (Equip.)	res_hvac_ann_62	res_hvac_ann_64	res_heating_ts_2	res_heating_ts_4	res	fossil	Best ASHP	fossil	Best ASHP
(R) Best HP FS (Other Fossil Boiler)	Cooling (Equip.)	res_hvac_ann_21	res_hvac_ann_23	res_cooling_ts_1	res_cooling_ts_3	res	AC	Best ASHP	AC	Best ASHP
(R) Best HP FS (Other Fossil Boiler)	Heating (Equip.)	res_hvac_ann_21	res_hvac_ann_23	res_heating_ts_2	res_heating_ts_4	res	fossil	Best ASHP	fossil	Best ASHP
(R) Best HP FS (Other Fossil Furnace)	Cooling (Equip.)	res_hvac_ann_21	res_hvac_ann_23	res_cooling_ts_1	res_cooling_ts_3	res	AC	Best ASHP	AC	Best ASHP
(R) Best HP FS (Other Fossil Furnace)	Heating (Equip.)	res_hvac_ann_21	res_hvac_ann_23	res_heating_ts_2	res_heating_ts_4	res	fossil	Best ASHP	fossil	Best ASHP
(R) Best HP FS (Other Fossil Heat, No Cool)	Cooling (Equip.)	res_hvac_ann_73	res_hvac_ann_75	res_cooling_ts_0	res_cooling_ts_3	res	none	Best ASHP	none	Best ASHP
(R) Best HP FS (Other Fossil Heat, No Cool)	Heating (Equip.)	res_hvac_ann_73	res_hvac_ann_75	res_heating_ts_2	res_heating_ts_4	res	fossil	Best ASHP	fossil	Best ASHP
(R) Best HP Pt. FS (NG Boiler)	Cooling (Equip.)	res_hvac_ann_10	res_hvac_ann_14	res_cooling_ts_1	res_cooling_ts_3	res	AC	Best ASHP, fossil backup	AC	Best ASHP, fossil backup
(R) Best HP Pt. FS (NG Boiler)	Heating (Equip.)	res_hvac_ann_10	res_hvac_ann_14	res_heating_ts_2	res_heating_ts_6	res	fossil	Best ASHP, fossil backup	fossil	Best ASHP, fossil backup
(R) Best HP Pt. FS (NG Furnace)	Cooling (Equip.)	res_hvac_ann_10	res_hvac_ann_14	res_cooling_ts_1	res_cooling_ts_3	res	AC	Best ASHP, fossil backup	AC	Best ASHP, fossil backup
(R) Best HP Pt. FS (NG Furnace)	Heating (Equip.)	res_hvac_ann_10	res_hvac_ann_14	res_heating_ts_2	res_heating_ts_6	res	fossil	Best ASHP, fossil backup	fossil	Best ASHP, fossil backup
(R) Best HP Pt. FS (NG Heat, No Cool)	Cooling (Equip.)	res_hvac_ann_62	res_hvac_ann_66	res_cooling_ts_0	res_cooling_ts_3	res	none	Best ASHP, fossil backup	none	Best ASHP, fossil backup
(R) Best HP Pt. FS (NG Heat, No Cool)	Heating (Equip.)	res_hvac_ann_62	res_hvac_ann_66	res_heating_ts_2	res_heating_ts_6	res	fossil	Best ASHP, fossil backup	fossil	Best ASHP, fossil backup
(R) Best HP Pt. FS (Other Fossil Boiler)	Cooling (Equip.)	res_hvac_ann_21	res_hvac_ann_25	res_cooling_ts_1	res_cooling_ts_3	res	AC	Best ASHP, fossil backup	AC	Best ASHP, fossil backup
(R) Best HP Pt. FS (Other Fossil Boiler)	Heating (Equip.)	res_hvac_ann_21	res_hvac_ann_25	res_heating_ts_2	res_heating_ts_6	res	fossil	Best ASHP, fossil backup	fossil	Best ASHP, fossil backup
(R) Best HP Pt. FS (Other Fossil Furnace)	Cooling (Equip.)	res_hvac_ann_21	res_hvac_ann_25	res_cooling_ts_1	res_cooling_ts_3	res	AC	Best ASHP, fossil backup	AC	Best ASHP, fossil backup
(R) Best HP Pt. FS (Other Fossil Furnace)	Heating (Equip.)	res_hvac_ann_21	res_hvac_ann_25	res_heating_ts_2	res_heating_ts_6	res	fossil	Best ASHP, fossil backup	fossil	Best ASHP, fossil backup
(R) Best HP Pt. FS (Other Fossil Heat, No Cool)	Cooling (Equip.)	res_hvac_ann_73	res_hvac_ann_77	res_cooling_ts_0	res_cooling_ts_3	res	none	Best ASHP, fossil backup	none	Best ASHP, fossil backup
(R) Best HP Pt. FS (Other Fossil Heat, No Cool)	Heating (Equip.)	res_hvac_ann_73	res_hvac_ann_77	res_heating_ts_2	res_heating_ts_6	res	fossil	Best ASHP, fossil backup	fossil	Best ASHP, fossil backup
(R) Best HP TS (Resist. Heat, No Cool)	Cooling (Equip.)	res_hvac_ann_53	res_hvac_ann_55	res_cooling_ts_0	res_cooling_ts_3	res	none	Best ASHP	none	Best ASHP
(R) Best HP TS (Resist. Heat, No Cool)	Heating (Equip.)	res_hvac_ann_53	res_hvac_ann_55	res_heating_ts_1	res_heating_ts_4	res	ER	Best ASHP	ER	Best ASHP
(R) Best HP TS (Resist.)	Cooling (Equip.)	res_hvac_ann_1	res_hvac_ann_3	res_cooling_ts_1	res_cooling_ts_3	res	AC	Best ASHP	AC	Best ASHP
(R) Best HP TS (Resist.)	Heating (Equip.)	res_hvac_ann_1	res_hvac_ann_3	res_heating_ts_1	res_heating_ts_4	res	ER	Best ASHP	ER	Best ASHP
(R) Best HPWH FS	Water Heating	res_wh_ann_1	res_wh_ann_2	res_wh_ts_1	res_wh_ts_3	res	Fossil water heater	Best HPWH	Fossil water heater	Best HPWH
(R) Best HPWH TS	Water Heating	res_wh_ann_3	res_wh_ann_4	res_wh_ts_2	res_wh_ts_3	res	Resistance water heater	Best HPWH	Resistance water heater	Best HPWH
(R) Best Refrigerator	Refrigeration	res_refrig_ann_1	res_refrig_ann_1	res_refrig_ts_1	res_refrig_ts_1	res	Refrigerator	Best refrigerator	Refrigerator	Best refrigerator
(R) Best Residential LED Lighting	Lighting	res_light_ann_1	res_light_ann_1	res_light_ts_1	res_light_ts_1	res	Res lighting	Best LEDs	Res lighting	Best LEDs
(R) Brk. HP FS (NG Boiler)	Cooling (Equip.)	res_hvac_ann_10	res_hvac_ann_13	res_cooling_ts_1	res_cooling_ts_4	res	AC	Breakthrough ASHP	AC	Breakthrough ASHP
(R) Brk. HP FS (NG Boiler)	Heating (Equip.)	res_hvac_ann_10	res_hvac_ann_13	res_heating_ts_2	res_heating_ts_5	res	fossil	Breakthrough ASHP	fossil	Breakthrough ASHP
(R) Brk. HP FS (NG Boiler) & Env.++	Cooling (Equip.)	res_hvac_ann_10	res_hvac_ann_18	res_cooling_ts_1	res_cooling_ts_8	res	AC	Breakthrough ASHP & Env ++	AC	Breakthrough ASHP
(R) Brk. HP FS (NG Boiler) & Env.++	Heating (Equip.)	res_hvac_ann_10	res_hvac_ann_18	res_heating_ts_2	res_heating_ts_10	res	fossil	Breakthrough ASHP & Env ++	fossil	Breakthrough ASHP
(R) Brk. HP FS (NG Frn.) & Env.++	Cooling (Equip.)	res_hvac_ann_10	res_hvac_ann_18	res_cooling_ts_1	res_cooling_ts_8	res	AC	Breakthrough ASHP & Env ++	AC	Breakthrough ASHP
(R) Brk. HP FS (NG Frn.) & Env.++	Heating (Equip.)	res_hvac_ann_10	res_hvac_ann_18	res_heating_ts_2	res_heating_ts_10	res	fossil	Breakthrough ASHP & Env ++	fossil	Breakthrough ASHP
(R) Brk. HP FS (NG Furnace)	Cooling (Equip.)	res_hvac_ann_10	res_hvac_ann_13	res_cooling_ts_1	res_cooling_ts_4	res	AC	Breakthrough ASHP	AC	Breakthrough ASHP
(R) Brk. HP FS (NG Furnace)	Heating (Equip.)	res_hvac_ann_10	res_hvac_ann_13	res_heating_ts_2	res_heating_ts_5	res	fossil	Breakthrough ASHP	fossil	Breakthrough ASHP
(R) Brk. HP FS (NG Heat, No Cool)	Cooling (Equip.)	res_hvac_ann_62	res_hvac_ann_65	res_cooling_ts_0	res_cooling_ts_4	res	none	Breakthrough ASHP	none	Breakthrough ASHP
(R) Brk. HP FS (NG Heat, No Cool)	Heating (Equip.)	res_hvac_ann_62	res_hvac_ann_65	res_heating_ts_2	res_heating_ts_5	res	fossil	Breakthrough ASHP	fossil	Breakthrough ASHP
(R) Brk. HP FS (Oth. Fs. Frn.) & Env.++	Cooling (Equip.)	res_hvac_ann_21	res_hvac_ann_29	res_cooling_ts_1	res_cooling_ts_8	res	AC	Breakthrough ASHP & Env ++	AC	Breakthrough ASHP
(R) Brk. HP FS (Oth. Fs. Frn.) & Env.++	Heating (Equip.)	res_hvac_ann_21	res_hvac_ann_29	res_heating_ts_2	res_heating_ts_10	res	fossil	Breakthrough ASHP & Env ++	fossil	Breakthrough ASHP
(R) Brk. HP FS (Other Fossil Boiler)	Cooling (Equip.)	res_hvac_ann_21	res_hvac_ann_24	res_cooling_ts_1	res_cooling_ts_4	res	AC	Breakthrough ASHP	AC	Breakthrough ASHP
(R) Brk. HP FS (Other Fossil Boiler)	Heating (Equip.)	res_hvac_ann_21	res_hvac_ann_24	res_heating_ts_2	res_heating_ts_5	res	fossil	Breakthrough ASHP	fossil	Breakthrough ASHP
(R) Brk. HP FS (Other Fossil Furnace)	Cooling (Equip.)	res_hvac_ann_21	res_hvac_ann_24	res_cooling_ts_1	res_cooling_ts_4	res	AC	Breakthrough ASHP	AC	Breakthrough ASHP
(R) Brk. HP FS (Other Fossil Furnace)	Heating (Equip.)	res_hvac_ann_21	res_hvac_ann_24	res_heating_ts_2	res_heating_ts_5	res	fossil	Breakthrough ASHP	fossil	Breakthrough ASHP
(R) Brk. HP FS (Other Fossil Heat, No Cool)	Cooling (Equip.)	res_hvac_ann_73	res_hvac_ann_76	res_cooling_ts_0	res_cooling_ts_4	res	none	Breakthrough ASHP	none	Breakthrough ASHP
(R) Brk. HP FS (Other Fossil Heat, No Cool)	Heating (Equip.)	res_hvac_ann_73	res_hvac_ann_76	res_heating_ts_2	res_heating_ts_5	res	fossil	Breakthrough ASHP	fossil	Breakthrough ASHP
(R) Brk. HP LFL	Cooling (Equip.)	res_hvac_ann_32	res_hvac_ann_35	res_cooling_ts_2	res_cooling_ts_4	res	Ref. ASHP	Breakthrough ASHP	Ref. ASHP	Breakthrough ASHP
(R) Brk. HP LFL	Heating (Equip.)	res_hvac_ann_32	res_hvac_ann_35	res_heating_ts_3	res_heating_ts_5	res	Ref. ASHP	Breakthrough ASHP	Ref. ASHP	Breakthrough ASHP
(R) Brk. HP TS (Resist. Heat, No Cool)	Cooling (Equip.)	res_hvac_ann_53	res_hvac_ann_56	res_cooling_ts_0	res_cooling_ts_4	res	none	Breakthrough ASHP	none	Breakthrough ASHP
(R) Brk. HP TS (Resist. Heat, No Cool)	Heating (Equip.)	res_hvac_ann_53	res_hvac_ann_56	res_heating_ts_1	res_heating_ts_5	res	ER	Breakthrough ASHP	ER	Breakthrough ASHP
(R) Brk. HP TS (Resist.)	Cooling (Equip.)	res_hvac_ann_1	res_hvac_ann_4	res_cooling_ts_1	res_cooling_ts_4	res	AC	Breakthrough ASHP	AC	Breakthrough ASHP
(R) Brk. HP TS (Resist.)	Heating (Equip.)	res_hvac_ann_1	res_hvac_ann_4	res_heating_ts_1	res_heating_ts_5	res	ER	Breakthrough ASHP	ER	Breakthrough ASHP
(R) Brk. HP TS (Resist.) & Env.++	Cooling (Equip.)	res_hvac_ann_1	res_hvac_ann_8	res_cooling_ts_1	res_cooling_ts_8	res	AC	Breakthrough ASHP & Env ++	AC	Breakthrough ASHP
(R) Brk. HP TS (Resist.) & Env.++	Heating (Equip.)	res_hvac_ann_1	res_hvac_ann_8	res_heating_ts_1	res_heating_ts_10	res	ER	Breakthrough ASHP & Env ++	ER	Breakthrough ASHP
(R) Bst. HP FS (NG Boiler) & Env.+	Cooling (Equip.)	res_hvac_ann_10	res_hvac_ann_17	res_cooling_ts_1	res_cooling_ts_7	res	AC	Best ASHP & Env +	AC	Best ASHP
(R) Bst. HP FS (NG Boiler) & Env.+	Heating (Equip.)	res_hvac_ann_10	res_hvac_ann_17	res_heating_ts_2	res_heating_ts_9	res	fossil	Best ASHP & Env +	fossil	Best ASHP
(R) Bst. HP FS (NG Frn.) & Env.+	Cooling (Equip.)	res_hvac_ann_10	res_hvac_ann_17	res_cooling_ts_1	res_cooling_ts_7	res	AC	Best ASHP & Env +	AC	Best ASHP
(R) Bst. HP FS (NG Frn.) & Env.+	Heating (Equip.)	res_hvac_ann_10	res_hvac_ann_17	res_heating_ts_2	res_heating_ts_9	res	fossil	Best ASHP & Env +	fossil	Best ASHP
(R) Bst. HP FS (Oth. Fs. Frn.) & Env.+	Cooling (Equip.)	res_hvac_ann_21	res_hvac_ann_28	res_cooling_ts_1	res_cooling_ts_7	res	AC	Best ASHP & Env +	AC	Best ASHP
(R) Bst. HP FS (Oth. Fs. Frn.) & Env.+	Heating (Equip.)	res_hvac_ann_21	res_hvac_ann_28	res_heating_ts_2	res_heating_ts_9	res	fossil	Best ASHP & Env +	fossil	Best ASHP
(R) Bst. HP TS (Resist.) & Env.+	Cooling (Equip.)	res_hvac_ann_1	res_hvac_ann_7	res_cooling_ts_1	res_cooling_ts_7	res	AC	Best ASHP & Env +	AC	Best ASHP
(R) Bst. HP TS (Resist.) & Env.+	Heating (Equip.)	res_hvac_ann_1	res_hvac_ann_7	res_heating_ts_1	res_heating_ts_9	res	ER	Best ASHP & Env +	ER	Best ASHP
(R) Electric FS (Secondary Fossil Heating)	Heating (Equip.)	res_hvac_ann_84	res_hvac_ann_52	res_heating_ts_2	res_heating_ts_1	res	fossil	Secondary heating	fossil	Secondary heating
(R) ENERGY STAR Clothes Washer	Other	res_cw_ann_1	res_cw_ann_1	res_cw_ts_1	res_cw_ts_1	res	Clothes washer	ESTAR clothes washer	Clothes washer	ESTAR clothes washer
(R) ENERGY STAR Dishwasher	Other	res_dw_ann_1	res_dw_ann_1	res_dw_ts_1	res_dw_ts_1	res	Dishwasher	ESTAR dishwasher	Dishwasher	ESTAR dishwasher
(R) ENERGY STAR Dryer	Other	res_dry_ann_3	res_dry_ann_3	res_dry_ts_2	res_dry_ts_2	res	Resistance dryer	ESTAR dryer	Resistance dryer	ESTAR dryer
(R) ENERGY STAR Electronics	Computers and Electronics	res_misc_ann_1	res_misc_ann_1	res_misc_ts_1	res_misc_ts_1	res	Computers and Electronics	Computers and Electronics	Computers and Electronics	Computers and Electronics
(R) ENERGY STAR Pool Pumps	Other	res_pp_ann_1	res_pp_ann_1	res_pp_ts_1	res_pp_ts_1	res	Pool pump	ESTAR pool pump	Pool pump	ESTAR pool pump
(R) ENERGY STAR Refrigerator	Refrigeration	res_refrig_ann_1	res_refrig_ann_1	res_refrig_ts_1	res_refrig_ts_1	res	Refrigerator	ESTAR refrigerator	Refrigerator	ESTAR refrigerator
(R) ES GSHP (NG Frn.) & Env.	Cooling (Equip.)	res_hvac_ann_10	res_hvac_ann_20	res_cooling_ts_1	res_cooling_ts_9	res	AC	ESTAR GSHP & Env	AC	ESTAR GSHP
(R) ES GSHP (NG Frn.) & Env.	Heating (Equip.)	res_hvac_ann_10	res_hvac_ann_20	res_heating_ts_2	res_heating_ts_12	res	fossil	ESTAR GSHP & Env	fossil	ESTAR GSHP
(R) ES GSHP (Oth. Fs. Frn.) & Env.	Cooling (Equip.)	res_hvac_ann_21	res_hvac_ann_31	res_cooling_ts_1	res_cooling_ts_9	res	AC	ESTAR GSHP & Env	AC	ESTAR GSHP
(R) ES GSHP (Oth. Fs. Frn.) & Env.	Heating (Equip.)	res_hvac_ann_21	res_hvac_ann_31	res_heating_ts_2	res_heating_ts_12	res	fossil	ESTAR GSHP & Env	fossil	ESTAR GSHP
(R) ES HP FS (NG Frn.) & Env.	Cooling (Equip.)	res_hvac_ann_10	res_hvac_ann_16	res_cooling_ts_1	res_cooling_ts_6	res	AC	ESTAR ASHP & Env	AC	ESTAR GSHP
(R) ES HP FS (NG Frn.) & Env.	Heating (Equip.)	res_hvac_ann_10	res_hvac_ann_16	res_heating_ts_2	res_heating_ts_8	res	fossil	ESTAR ASHP & Env	fossil	ESTAR ASHP
(R) ES HP FS (Oth. Fs. Frn.) & Env.	Cooling (Equip.)	res_hvac_ann_21	res_hvac_ann_27	res_cooling_ts_1	res_cooling_ts_6	res	AC	ESTAR ASHP & Env	AC	ESTAR GSHP
(R) ES HP FS (Oth. Fs. Frn.) & Env.	Heating (Equip.)	res_hvac_ann_21	res_hvac_ann_27	res_heating_ts_2	res_heating_ts_8	res	fossil	ESTAR ASHP & Env	fossil	ESTAR ASHP
(R) ES HP LFL & Env.	Cooling (Equip.)	res_hvac_ann_32	res_hvac_ann_38	res_cooling_ts_2	res_cooling_ts_6	res	Ref. ASHP	ESTAR ASHP & Env	Ref. ASHP	ESTAR GSHP
(R) ES HP LFL & Env.	Heating (Equip.)	res_hvac_ann_32	res_hvac_ann_38	res_heating_ts_3	res_heating_ts_8	res	Ref. ASHP	ESTAR ASHP & Env	Ref. ASHP	ESTAR ASHP
(R) ES HP Pt. FS (NG Frn.) & Env.	Cooling (Equip.)	res_hvac_ann_10	res_hvac_ann_19	res_cooling_ts_1	res_cooling_ts_6	res	AC	ESTAR ASHP, fossil backup & Env	AC	ESTAR ASHP, fossil backup
(R) ES HP Pt. FS (NG Frn.) & Env.	Heating (Equip.)	res_hvac_ann_10	res_hvac_ann_19	res_heating_ts_2	res_heating_ts_11	res	fossil	ESTAR ASHP, fossil backup & Env	fossil	ESTAR ASHP, fossil backup
(R) ES HP Pt. FS (Oth. Fs. Frn.) & Env.	Cooling (Equip.)	res_hvac_ann_21	res_hvac_ann_30	res_cooling_ts_1	res_cooling_ts_6	res	AC	ESTAR ASHP, fossil backup & Env	AC	ESTAR ASHP, fossil backup
(R) ES HP Pt. FS (Oth. Fs. Frn.) & Env.	Heating (Equip.)	res_hvac_ann_21	res_hvac_ann_30	res_heating_ts_2	res_heating_ts_11	res	fossil	ESTAR ASHP, fossil backup & Env	fossil	ESTAR ASHP, fossil backup
(R) ES HP TS (Resist.) & Env.	Cooling (Equip.)	res_hvac_ann_1	res_hvac_ann_6	res_cooling_ts_1	res_cooling_ts_6	res	AC	ESTAR ASHP & Env	AC	ESTAR ASHP
(R) ES HP TS (Resist.) & Env.	Heating (Equip.)	res_hvac_ann_1	res_hvac_ann_6	res_heating_ts_1	res_heating_ts_8	res	ER	ESTAR ASHP & Env	ER	ESTAR ASHP
(R) ESTAR 120V HPWH FS	Water Heating	res_wh_ann_1	res_wh_ann_2	res_wh_ts_1	res_wh_ts_3	res	Fossil water heater	ESTAR 120V HPWH	Fossil water heater	ESTAR HPWH
(R) ESTAR 240V HPWH FS	Water Heating	res_wh_ann_1	res_wh_ann_2	res_wh_ts_1	res_wh_ts_3	res	Fossil water heater	ESTAR 240V HPWH	Fossil water heater	ESTAR HPWH
(R) ESTAR GSHP (NG Furnace)	Cooling (Equip.)	res_hvac_ann_10	res_hvac_ann_15	res_cooling_ts_1	res_cooling_ts_5	res	AC	ESTAR GSHP	AC	ESTAR GSHP
(R) ESTAR GSHP (NG Furnace)	Heating (Equip.)	res_hvac_ann_10	res_hvac_ann_15	res_heating_ts_2	res_heating_ts_7	res	fossil	ESTAR GSHP	fossil	ESTAR GSHP
(R) ESTAR GSHP (Other Fossil Furnace)	Cooling (Equip.)	res_hvac_ann_21	res_hvac_ann_26	res_cooling_ts_1	res_cooling_ts_5	res	AC	ESTAR GSHP	AC	ESTAR GSHP
(R) ESTAR GSHP (Other Fossil Furnace)	Heating (Equip.)	res_hvac_ann_21	res_hvac_ann_25	res_heating_ts_2	res_heating_ts_7	res	fossil	ESTAR GSHP	fossil	ESTAR GSHP
(R) ESTAR HP FS (NG Furnace)	Cooling (Equip.)	res_hvac_ann_10	res_hvac_ann_11	res_cooling_ts_1	res_cooling_ts_2	res	AC	ESTAR ASHP	AC	ESTAR ASHP
(R) ESTAR HP FS (NG Furnace)	Heating (Equip.)	res_hvac_ann_10	res_hvac_ann_11	res_heating_ts_2	res_heating_ts_3	res	fossil	ESTAR ASHP	fossil	ESTAR ASHP
(R) ESTAR HP FS (NG Heat, No Cool)	Cooling (Equip.)	res_hvac_ann_62	res_hvac_ann_66	res_cooling_ts_0	res_cooling_ts_2	res	none	ESTAR ASHP	none	ESTAR ASHP
(R) ESTAR HP FS (NG Heat, No Cool)	Heating (Equip.)	res_hvac_ann_62	res_hvac_ann_66	res_heating_ts_2	res_heating_ts_3	res	fossil	ESTAR ASHP	fossil	ESTAR ASHP
(R) ESTAR HP FS (Other Fossil Furnace)	Cooling (Equip.)	res_hvac_ann_21	res_hvac_ann_22	res_cooling_ts_1	res_cooling_ts_2	res	AC	ESTAR ASHP	AC	ESTAR ASHP
(R) ESTAR HP FS (Other Fossil Furnace)	Heating (Equip.)	res_hvac_ann_21	res_hvac_ann_22	res_heating_ts_2	res_heating_ts_3	res	fossil	ESTAR ASHP	fossil	ESTAR ASHP
(R) ESTAR HP FS (Other Fossil Heat, No Cool)	Cooling (Equip.)	res_hvac_ann_73	res_hvac_ann_74	res_cooling_ts_0	res_cooling_ts_2	res	none	ESTAR ASHP	none	ESTAR ASHP
(R) ESTAR HP FS (Other Fossil Heat, No Cool)	Heating (Equip.)	res_hvac_ann_73	res_hvac_ann_74	res_heating_ts_2	res_heating_ts_3	res	fossil	ESTAR ASHP	fossil	ESTAR ASHP
(R) ESTAR HP LFL	Cooling (Equip.)	res_hvac_ann_32	res_hvac_ann_33	res_cooling_ts_2	res_cooling_ts_2	res	Ref. ASHP	ESTAR ASHP	Ref. ASHP	ESTAR ASHP
(R) ESTAR HP LFL	Heating (Equip.)	res_hvac_ann_32	res_hvac_ann_33	res_heating_ts_3	res_heating_ts_3	res	Ref. ASHP	ESTAR ASHP	Ref. ASHP	ESTAR ASHP
(R) ESTAR HP Pt. FS (NG Boiler)	Cooling (Equip.)	res_hvac_ann_10	res_hvac_ann_25	res_cooling_ts_1	res_cooling_ts_2	res	AC	ESTAR ASHP, fossil backup	AC	ESTAR ASHP, fossil backup
(R) ESTAR HP Pt. FS (NG Boiler)	Heating (Equip.)	res_hvac_ann_10	res_hvac_ann_25	res_heating_ts_2	res_heating_ts_6	res	fossil	ESTAR ASHP, fossil backup	fossil	ESTAR ASHP, fossil backup
(R) ESTAR HP Pt. FS (NG Furnace)	Cooling (Equip.)	res_hvac_ann_10	res_hvac_ann_14	res_cooling_ts_1	res_cooling_ts_2	res	AC	ESTAR ASHP, fossil backup	AC	ESTAR ASHP, fossil backup
(R) ESTAR HP Pt. FS (NG Furnace)	Heating (Equip.)	res_hvac_ann_10	res_hvac_ann_14	res_heating_ts_2	res_heating_ts_6	res	fossil	ESTAR ASHP, fossil backup	fossil	ESTAR ASHP, fossil backup
(R) ESTAR HP Pt. FS (NG Heat, No Cool)	Cooling (Equip.)	res_hvac_ann_62	res_hvac_ann_66	res_cooling_ts_0	res_cooling_ts_2	res	none	ESTAR ASHP, fossil backup	none	ESTAR ASHP, fossil backup
(R) ESTAR HP Pt. FS (NG Heat, No Cool)	Heating (Equip.)	res_hvac_ann_62	res_hvac_ann_66	res_heating_ts_2	res_heating_ts_6	res	fossil	ESTAR ASHP, fossil backup	fossil	ESTAR ASHP, fossil backup
(R) ESTAR HP Pt. FS (Other Fossil Boiler)	Cooling (Equip.)	res_hvac_ann_21	res_hvac_ann_14	res_cooling_ts_1	res_cooling_ts_2	res	AC	ESTAR ASHP, fossil backup	AC	ESTAR ASHP, fossil backup
(R) ESTAR HP Pt. FS (Other Fossil Boiler)	Heating (Equip.)	res_hvac_ann_21	res_hvac_ann_14	res_heating_ts_2	res_heating_ts_6	res	fossil	ESTAR ASHP, fossil backup	fossil	ESTAR ASHP, fossil backup
(R) ESTAR HP Pt. FS (Other Fossil Furnace)	Cooling (Equip.)	res_hvac_ann_21	res_hvac_ann_25	res_cooling_ts_1	res_cooling_ts_2	res	AC	ESTAR ASHP, fossil backup	AC	ESTAR ASHP, fossil backup
(R) ESTAR HP Pt. FS (Other Fossil Furnace)	Heating (Equip.)	res_hvac_ann_21	res_hvac_ann_25	res_heating_ts_2	res_heating_ts_6	res	fossil	ESTAR ASHP, fossil backup	fossil	ESTAR ASHP, fossil backup
(R) ESTAR HP Pt. FS (Other Fossil Heat, No Cool)	Cooling (Equip.)	res_hvac_ann_73	res_hvac_ann_77	res_cooling_ts_0	res_cooling_ts_2	res	none	ESTAR ASHP, fossil backup	none	ESTAR ASHP, fossil backup
(R) ESTAR HP Pt. FS (Other Fossil Heat, No Cool)	Heating (Equip.)	res_hvac_ann_73	res_hvac_ann_77	res_heating_ts_2	res_heating_ts_6	res	fossil	ESTAR ASHP, fossil backup	fossil	ESTAR ASHP, fossil backup
(R) ESTAR HP TS (Resist. Heat, No Cool)	Cooling (Equip.)	res_hvac_ann_53	res_hvac_ann_54	res_cooling_ts_0	res_cooling_ts_2	res	none	ESTAR ASHP	none	ESTAR ASHP
(R) ESTAR HP TS (Resist. Heat, No Cool)	Heating (Equip.)	res_hvac_ann_53	res_hvac_ann_54	res_heating_ts_1	res_heating_ts_3	res	ER	ESTAR ASHP	ER	ESTAR ASHP
(R) ESTAR HP TS (Resist.)	Cooling (Equip.)	res_hvac_ann_1	res_hvac_ann_2	res_cooling_ts_1	res_cooling_ts_2	res	AC	ESTAR ASHP	AC	ESTAR ASHP
(R) ESTAR HP TS (Resist.)	Heating (Equip.)	res_hvac_ann_1	res_hvac_ann_2	res_heating_ts_1	res_heating_ts_3	res	ER	ESTAR ASHP	ER	ESTAR ASHP
(R) ESTAR HPWH TS	Water Heating	res_wh_ann_3	res_wh_ann_4	res_wh_ts_2	res_wh_ts_3	res	Resistance water heater	ESTAR HPWH	Resistance water heater	ESTAR HPWH
(R) Induction Range FS	Cooking	res_cook_ann_1	res_cook_ann_2	res_cook_ts_1	res_cook_ts_2	res	Fossil range	Induction range	Fossil range	Induction range
(R) Min. Efficiency ASHP FS (NG Furnace)	Cooling (Equip.)	res_hvac_ann_10	res_hvac_ann_11	res_cooling_ts_1	res_cooling_ts_2	res	AC	Min. Eff ASHP	AC	Min. Eff ASHP
(R) Min. Efficiency ASHP FS (NG Furnace)	Heating (Equip.)	res_hvac_ann_10	res_hvac_ann_11	res_heating_ts_2	res_heating_ts_3	res	fossil	Min. Eff ASHP	fossil	Min. Eff ASHP
(R) Min. Efficiency ASHP FS (Other Fossil Furnace)	Cooling (Equip.)	res_hvac_ann_21	res_hvac_ann_22	res_cooling_ts_1	res_cooling_ts_2	res	AC	Min. Eff ASHP	AC	Min. Eff ASHP
(R) Min. Efficiency ASHP FS (Other Fossil Furnace)	Heating (Equip.)	res_hvac_ann_21	res_hvac_ann_22	res_heating_ts_2	res_heating_ts_3	res	fossil	Min. Eff ASHP	fossil	Min. Eff ASHP
(R) Min. Efficiency ASHP FS (Other Fossil Heat, No Cool)	Cooling (Equip.)	res_hvac_ann_73	res_hvac_ann_74	res_cooling_ts_0	res_cooling_ts_2	res	none	Min. Eff ASHP	none	Min. Eff ASHP
(R) Min. Efficiency ASHP FS (Other Fossil Heat, No Cool)	Heating (Equip.)	res_hvac_ann_73	res_hvac_ann_74	res_heating_ts_2	res_heating_ts_3	res	fossil	Min. Eff ASHP	fossil	Min. Eff ASHP
(R) Min. Efficiency ASHP FS, (NG Heat, No Cool)	Cooling (Equip.)	res_hvac_ann_62	res_hvac_ann_63	res_cooling_ts_0	res_cooling_ts_2	res	none	Min. Eff ASHP	none	Min. Eff ASHP
(R) Min. Efficiency ASHP FS, (NG Heat, No Cool)	Heating (Equip.)	res_hvac_ann_62	res_hvac_ann_63	res_heating_ts_2	res_heating_ts_3	res	fossil	Min. Eff ASHP	fossil	Min. Eff ASHP
(R) Min. Efficiency HPWH FS	Water Heating	res_wh_ann_1	res_wh_ann_2	res_wh_ts_1	res_wh_ts_3	res	Fossil water heater	Min. Eff HPWH	Fossil water heater	Min. Eff HPWH
(R) Ref. Case ASHP	Cooling (Equip.)	res_hvac_ann_32	res_hvac_ann_32	res_cooling_ts_2	res_cooling_ts_2	res	Ref. ASHP	Ref. ASHP	Ref. ASHP	Ref. ASHP
(R) Ref. Case ASHP	Heating (Equip.)	res_hvac_ann_32	res_hvac_ann_32	res_heating_ts_3	res_heating_ts_3	res	Ref. ASHP	Ref. ASHP	Ref. ASHP	Ref. ASHP
(R) Ref. Case Bio or No Heat & AC	Cooling (Equip.)	res_hvac_ann_85	res_hvac_ann_85	res_cooling_ts_1	res_cooling_ts_1	res	AC	AC	AC	AC
(R) Ref. Case Bio or No Heat & AC	Heating (Equip.)	res_hvac_ann_85	res_hvac_ann_85	res_heating_ts_2	res_heating_ts_2	res	fossil	fossil	fossil	fossil
(R) Ref. Case Clothes Washer	Other	res_cw_ann_1	res_cw_ann_1	res_cw_ts_1	res_cw_ts_1	res	Clothes washer	Clothes washer	Clothes washer	Clothes washer
(R) Ref. Case Dishwasher	Other	res_dw_ann_1	res_dw_ann_1	res_dw_ts_1	res_dw_ts_1	res	Dishwasher	Dishwasher	Dishwasher	Dishwasher
(R) Ref. Case Elec. Boiler FS (NG Boiler)	Cooling (Equip.)	res_hvac_ann_10	res_hvac_ann_11	res_cooling_ts_1	res_cooling_ts_1	res	AC	AC	AC	AC
(R) Ref. Case Elec. Boiler FS (NG Boiler)	Heating (Equip.)	res_hvac_ann_10	res_hvac_ann_11	res_heating_ts_2	res_heating_ts_1	res	fossil	Electric boiler	fossil	Electric boiler
(R) Ref. Case Elec. Boiler FS (Other Fossil Boiler)	Cooling (Equip.)	res_hvac_ann_21	res_hvac_ann_22	res_cooling_ts_1	res_cooling_ts_1	res	AC	AC	AC	AC
(R) Ref. Case Elec. Boiler FS (Other Fossil Boiler)	Heating (Equip.)	res_hvac_ann_21	res_hvac_ann_22	res_heating_ts_2	res_heating_ts_1	res	fossil	Electric boiler	fossil	Electric boiler
(R) Ref. Case Electric Dryer	Other	res_dry_ann_3	res_dry_ann_3	res_dry_ts_2	res_dry_ts_2	res	Resistance dryer	Resistance dryer	Resistance dryer	Resistance dryer
(R) Ref. Case Electric Other	Other	res_misc_ann_1	res_misc_ann_1	res_misc_ts_1	res_misc_ts_1	res	Other	Other	Other	Other
(R) Ref. Case Electric Range	Cooking	res_cook_ann_3	res_cook_ann_3	res_cook_ts_2	res_cook_ts_2	res	Electric range	Electric range	Electric range	Electric range
(R) Ref. Case Electric Range FS	Cooking	res_cook_ann_1	res_cook_ann_2	res_cook_ts_1	res_cook_ts_2	res	Fossil range	Electric range	Fossil range	Electric range
(R) Ref. Case Electronics	Computers and Electronics	res_misc_ann_1	res_misc_ann_1	res_misc_ts_1	res_misc_ts_1	res	Computers and Electronics	Computers and Electronics	Computers and Electronics	Computers and Electronics
(R) Ref. Case Fans and Pumps	Other	res_fanspumps_ann_1	res_fanspumps_ann_1	res_fanspumps_ts_1	res_fanspumps_ts_1	res	Fans and pumps	Fans & pumps	Fans and pumps	Fans and pumps
(R) Ref. Case Fossil Other	Other	res_misc_ann_1	res_misc_ann_1	res_misc_ts_1	res_misc_ts_1	res	Fossil other	Fossil other	Fossil other	Fossil other
(R) Ref. Case Gas Dryer	Other	res_dry_ann_1	res_dry_ann_1	res_dry_ts_1	res_dry_ts_1	res	Fossil dryer	Fossil dryer	Fossil dryer	Fossil dryer
(R) Ref. Case Gas Range	Cooking	res_cook_ann_1	res_cook_ann_1	res_cook_ts_1	res_cook_ts_1	res	Fossil range	Fossil range	Fossil range	Fossil range
(R) Ref. Case Gas WH	Water Heating	res_wh_ann_1	res_wh_ann_1	res_wh_ts_1	res_wh_ts_1	res	Fossil water heater	Fossil water heater	Fossil water heater	Fossil water heater
(R) Ref. Case GSHP	Cooling (Equip.)	res_hvac_ann_32	res_hvac_ann_32	res_cooling_ts_5	res_cooling_ts_5	res	AC	GSHP	AC	GSHP
(R) Ref. Case GSHP	Heating (Equip.)	res_hvac_ann_32	res_hvac_ann_32	res_heating_ts_7	res_heating_ts_7	res	GSHP	GSHP	GSHP	GSHP
(R) Ref. Case Lighting	Lighting	res_light_ann_1	res_light_ann_1	res_light_ts_1	res_light_ts_1	res	Res lighting	Res lighting	Res lighting	Res lighting
(R) Ref. Case Misc. Electric Appliances	Other	res_misc_ann_1	res_misc_ann_1	res_misc_ts_1	res_misc_ts_1	res	Misc. electric appliances	Misc. electric appliances	Misc. electric appliances	Misc. electric appliances
(R) Ref. Case Misc. Electric Appliances	Refrigeration	res_refrig_ann_1	res_refrig_ann_1	res_refrig_ts_1	res_refrig_ts_1	res	Refrigerator	Refrigerator	Refrigerator	Refrigerator
(R) Ref. Case NG Boiler & AC	Cooling (Equip.)	res_hvac_ann_10	res_hvac_ann_10	res_cooling_ts_1	res_cooling_ts_1	res	AC	AC	AC	AC
(R) Ref. Case NG Boiler & AC	Heating (Equip.)	res_hvac_ann_10	res_hvac_ann_10	res_heating_ts_2	res_heating_ts_2	res	fossil	fossil	fossil	fossil
(R) Ref. Case NG Furnace & AC	Cooling (Equip.)	res_hvac_ann_10	res_hvac_ann_10	res_cooling_ts_1	res_cooling_ts_1	res	AC	AC	AC	AC
(R) Ref. Case NG Furnace & AC	Heating (Equip.)	res_hvac_ann_10	res_hvac_ann_10	res_heating_ts_2	res_heating_ts_2	res	fossil	fossil	fossil	fossil
(R) Ref. Case NG Heat, No Cooling	Cooling (Equip.)	res_hvac_ann_62	res_hvac_ann_62	res_cooling_ts_0	res_cooling_ts_1	res	none	none	none	none
(R) Ref. Case NG Heat, No Cooling	Heating (Equip.)	res_hvac_ann_62	res_hvac_ann_62	res_heating_ts_2	res_heating_ts_2	res	fossil	fossil	fossil	fossil
(R) Ref. Case NGHP	Cooling (Equip.)	res_hvac_ann_10	res_hvac_ann_10	res_cooling_ts_1	res_cooling_ts_1	res	NGHP	NGHP	NGHP	NGHP
(R) Ref. Case NGHP	Heating (Equip.)	res_hvac_ann_10	res_hvac_ann_10	res_heating_ts_2	res_heating_ts_2	res	NGHP	NGHP	NGHP	NGHP
(R) Ref. Case Other Fossil Boiler & AC	Cooling (Equip.)	res_hvac_ann_21	res_hvac_ann_21	res_cooling_ts_1	res_cooling_ts_1	res	AC	AC	AC	AC
(R) Ref. Case Other Fossil Boiler & AC	Heating (Equip.)	res_hvac_ann_21	res_hvac_ann_21	res_heating_ts_2	res_heating_ts_2	res	fossil	fossil	fossil	fossil
(R) Ref. Case Other Fossil Furnace & AC	Cooling (Equip.)	res_hvac_ann_21	res_hvac_ann_21	res_cooling_ts_1	res_cooling_ts_1	res	AC	AC	AC	AC
(R) Ref. Case Other Fossil Furnace & AC	Heating (Equip.)	res_hvac_ann_21	res_hvac_ann_21	res_heating_ts_2	res_heating_ts_2	res	fossil	fossil	fossil	fossil
(R) Ref. Case Other Fossil Heat, No Cooling	Cooling (Equip.)	res_hvac_ann_73	res_hvac_ann_73	res_cooling_ts_0	res_cooling_ts_1	res	none	none	none	none
(R) Ref. Case Other Fossil Heat, No Cooling	Heating (Equip.)	res_hvac_ann_73	res_hvac_ann_73	res_heating_ts_2	res_heating_ts_2	res	fossil	fossil	fossil	fossil
(R) Ref. Case Pool Pumps	Other	res_pp_ann_1	res_pp_ann_1	res_pp_ts_1	res_pp_ts_1	res	Pool pump	Pool pump	Pool pump	Pool pump
(R) Ref. Case Refrigerator	Refrigeration	res_refrig_ann_1	res_refrig_ann_1	res_refrig_ts_1	res_refrig_ts_1	res	Refrigerator	Refrigerator	Refrigerator	Refrigerator
(R) Ref. Case Resist. Heat & AC	Cooling (Equip.)	res_hvac_ann_1	res_hvac_ann_1	res_cooling_ts_1	res_cooling_ts_1	res	AC	AC	AC	AC
(R) Ref. Case Resist. Heat & AC	Heating (Equip.)	res_hvac_ann_1	res_hvac_ann_1	res_heating_ts_1	res_heating_ts_1	res	ER	ER	ER	ER
(R) Ref. Case Resist. Heat & AC (TS)	Cooling (Equip.)	res_hvac_ann_1	res_hvac_ann_1	res_cooling_ts_1	res_cooling_ts_1	res	AC	AC	AC	AC
(R) Ref. Case Resist. Heat & AC (TS)	Heating (Equip.)	res_hvac_ann_1	res_hvac_ann_1	res_heating_ts_1	res_heating_ts_1	res	ER	ER	ER	ER
(R) Ref. Case Resist. Heat, No Cooling	Cooling (Equip.)	res_hvac_ann_53	res_hvac_ann_53	res_cooling_ts_0	res_cooling_ts_0	res	none	none	none	none
(R) Ref. Case Resist. Heat, No Cooling	Heating (Equip.)	res_hvac_ann_53	res_hvac_ann_53	res_heating_ts_1	res_heating_ts_1	res	ER	ER	ER	ER
(R) Ref. Case Resist. Heat, No Cooling (TS)	Heating (Equip.)	res_hvac_ann_53	res_hvac_ann_53	res_heating_ts_1	res_heating_ts_1	res	ER	ER	ER	ER
(R) Ref. Case Resist. WH	Water Heating	res_wh_ann_3	res_wh_ann_3	res_wh_ts_2	res_wh_ts_2	res	Resistance water heater	Resistance water heater	Resistance water heater	Resistance water heater
(R) Ref. Case Resist. WH FS	Water Heating	res_wh_ann_1	res_wh_ann_2	res_wh_ts_1	res_wh_ts_2	res	Fossil water heater	Resistance water heater	Fossil water heater	Resistance water heater
(R) Ref. Case Resist. WH TS	Water Heating	res_wh_ann_3	res_wh_ann_3	res_wh_ts_2	res_wh_ts_2	res	Resistance water heater	Resistance water heater	Resistance water heater	Resistance water heater
(R) Ref. Case Scnd. Elec. Heat  & Env.+	Heating (Equip.)	res_hvac_ann_52	res_hvac_ann_86	res_heating_ts_1	res_heating_ts_1	res	Secondary heating	Secondary heating & Env +	Secondary heating	Secondary heating
(R) Ref. Case Scnd. Elec. Heat  & Env.++	Heating (Equip.)	res_hvac_ann_52	res_hvac_ann_86	res_heating_ts_1	res_heating_ts_1	res	Secondary heating	Secondary heating & Env ++	Secondary heating	Secondary heating
(R) Ref. Case Scnd. Elec. Heat & Env.	Heating (Equip.)	res_hvac_ann_52	res_hvac_ann_86	res_heating_ts_1	res_heating_ts_1	res	Secondary heating	Secondary heating & Env	Secondary heating	Secondary heating
(R) Ref. Case Scnd. Elec. Heat & Env.+	Heating (Equip.)	res_hvac_ann_52	res_hvac_ann_86	res_heating_ts_1	res_heating_ts_1	res	Secondary heating	Secondary heating & Env +	Secondary heating	Secondary heating
(R) Ref. Case Scnd. Elec. Heat & Env.++	Heating (Equip.)	res_hvac_ann_52	res_hvac_ann_86	res_heating_ts_1	res_heating_ts_1	res	Secondary heating	Secondary heating & Env ++	Secondary heating	Secondary heating
(R) Ref. Case Scnd. Fossil Heat FS & Env.	Heating (Equip.)	res_hvac_ann_84	res_hvac_ann_84	res_heating_ts_2	res_heating_ts_1	res	fossil	Secondary heating & Env	fossil	Secondary heating
(R) Ref. Case Scnd. Fossil Heat FS & Env.+	Heating (Equip.)	res_hvac_ann_84	res_hvac_ann_84	res_heating_ts_2	res_heating_ts_13	res	fossil	Secondary heating & Env +	fossil	Secondary heating
(R) Ref. Case Scnd. Fossil Heat FS & Env.++	Heating (Equip.)	res_hvac_ann_84	res_hvac_ann_84	res_heating_ts_2	res_heating_ts_13	res	fossil	Secondary heating & Env ++	fossil	Secondary heating
(R) Ref. Case Secondary Electric Heating	Heating (Equip.)	res_hvac_ann_52	res_hvac_ann_52	res_heating_ts_1	res_heating_ts_1	res	Secondary heating	Secondary heating	Secondary heating	Secondary heating
(R) Ref. Case Secondary Fossil Heating	Heating (Equip.)	res_hvac_ann_84	res_hvac_ann_84	res_heating_ts_2	res_heating_ts_2	res	fossil	fossil	fossil	fossil
(R) Brk. HPWH FS	Water Heating	res_wh_ann_1	res_wh_ann_2	res_wh_ts_1	res_wh_ts_3	res	Fossil water heater	Best HPWH	Fossil water heater	Best HPWH
(R) Ref. Case Electric Dryer FS	Other	res_dry_ann_1	res_dry_ann_2	res_dry_ts_1	res_dry_ts_3	res	Fossil dryer	Best HP dryer	Fossil dryer	Best HP dryer