meas	Scout_end_use	original_ann	measure_ann	original_ts	measure_ts	sector	original_desc	measure_desc	original_desc_simple	measure_desc_simple
(C) 90.1 Lighting	Lighting	com_light_ann_1	com_light_ann_1	com_light_ts_1	com_light_ts_1	com	Lighting	Lighting, 90.1	Lighting	Lighting, 90.1
(C) 90.1 Plug Loads	Computers and Electronics	com_misc_ann_1	com_misc_ann_1	com_misc_ts_1	com_misc_ts_1	com	Computers and electronics	Computers and electronics, 90.1	Computers and electronics	Computers and electronics, 90.1
(C) Best HP FS (NG Boiler)	Cooling (Equip.)	com_hvac_ann_9	com_hvac_ann_10	com_cooling_ts_9	com_cooling_ts_9	com	NG boiler + RTAC or chiller	Boiler, best HP	RTAC or chiller	Boiler, best HP
(C) Best HP FS (NG Boiler)	Heating (Equip.)	com_hvac_ann_9	com_hvac_ann_10	com_heating_ts_9	com_heating_ts_4	com	NG boiler + RTAC or chiller	Boiler, best HP	fossil	Boiler, best HP
(C) Best HP FS (NG Boiler)	Ventilation	com_hvac_ann_9	com_hvac_ann_10	com_ventilation_4	com_ventilation_4	com	NG boiler + RTAC or chiller	Boiler, best HP	RTAC or chiller	Boiler, best HP
(C) Best HP FS (NG Furnace & AC)	Cooling (Equip.)	com_hvac_ann_12	com_hvac_ann_12	com_cooling_ts_7	com_cooling_ts_7	com	NG furnace + central or room AC	ASHP, best	AC	ASHP, best
(C) Best HP FS (NG Furnace & AC)	Heating (Equip.)	com_hvac_ann_12	com_hvac_ann_12	com_heating_ts_8	com_heating_ts_3	com	NG furnace + central or room AC	ASHP, best	fossil	ASHP, best
(C) Best HP FS (NG Furnace & AC)	Ventilation	com_hvac_ann_12	com_hvac_ann_12	com_ventilation_6	com_ventilation_6	com	NG furnace + central or room AC	ASHP, best	AC	ASHP, best
(C) Best HP FS (Other Fossil Boiler)	Cooling (Equip.)	com_hvac_ann_22	com_hvac_ann_22	com_cooling_ts_9	com_cooling_ts_9	com	Other fossil boiler + RTAC or chiller	Boiler, best HP	RTAC or chiller	Boiler, best HP
(C) Best HP FS (Other Fossil Boiler)	Heating (Equip.)	com_hvac_ann_22	com_hvac_ann_22	com_heating_ts_9	com_heating_ts_4	com	Other fossil boiler + RTAC or chiller	Boiler, best HP	fossil	Boiler, best HP
(C) Best HP FS (Other Fossil Boiler)	Ventilation	com_hvac_ann_22	com_hvac_ann_22	com_ventilation_4	com_ventilation_4	com	Other fossil boiler + RTAC or chiller	Boiler, best HP	RTAC or chiller	Boiler, best HP
(C) Best HP FS (Other Fossil Furnace & AC)	Cooling (Equip.)	com_hvac_ann_24	com_hvac_ann_24	com_cooling_ts_7	com_cooling_ts_7	com	Other fossil furnace + central or room AC	ASHP, best	AC	ASHP, best
(C) Best HP FS (Other Fossil Furnace & AC)	Heating (Equip.)	com_hvac_ann_24	com_hvac_ann_24	com_heating_ts_8	com_heating_ts_3	com	Other fossil furnace + central or room AC	ASHP, best	fossil	ASHP, best
(C) Best HP FS (Other Fossil Furnace & AC)	Ventilation	com_hvac_ann_24	com_hvac_ann_24	com_ventilation_6	com_ventilation_6	com	Other fossil furnace + central or room AC	ASHP, best	AC	ASHP, best
(C) Best HP FS (RTU, NG Heat)	Cooling (Equip.)	com_hvac_ann_16	com_hvac_ann_18	com_cooling_ts_9	com_cooling_ts_3	com	NG RTU + RTAC or chiller	ASHP, best	RTAC or chiller	ASHP, best
(C) Best HP FS (RTU, NG Heat)	Heating (Equip.)	com_hvac_ann_16	com_hvac_ann_18	com_heating_ts_8	com_heating_ts_3	com	NG RTU + RTAC or chiller	ASHP, best	fossil	ASHP, best
(C) Best HP FS (RTU, NG Heat)	Ventilation	com_hvac_ann_16	com_hvac_ann_18	com_ventilation_5	com_ventilation_2	com	NG RTU + RTAC or chiller	ASHP, best	RTAC or chiller	ASHP, best
(C) Best HP FS (RTU, Other Fossil Heat)	Cooling (Equip.)	com_hvac_ann_28	com_hvac_ann_30	com_cooling_ts_9	com_cooling_ts_3	com	Other fossil RTU + RTAC or chiller	ASHP, best	RTAC or chiller	ASHP, best
(C) Best HP FS (RTU, Other Fossil Heat)	Heating (Equip.)	com_hvac_ann_28	com_hvac_ann_30	com_heating_ts_8	com_heating_ts_3	com	Other fossil RTU + RTAC or chiller	ASHP, best	fossil	ASHP, best
(C) Best HP FS (RTU, Other Fossil Heat)	Ventilation	com_hvac_ann_28	com_hvac_ann_30	com_ventilation_5	com_ventilation_2	com	Other fossil RTU + RTAC or chiller	ASHP, best	RTAC or chiller	ASHP, best
(C) Best HP Pt. FS (NG Boiler)	Cooling (Equip.)	com_hvac_ann_9	com_hvac_ann_11	com_cooling_ts_9	com_cooling_ts_9	com	NG boiler + RTAC or chiller	Boiler, best HP with fossil backup	RTAC or chiller	Boiler, best HP with fossil backup
(C) Best HP Pt. FS (NG Boiler)	Heating (Equip.)	com_hvac_ann_9	com_hvac_ann_11	com_heating_ts_9	com_heating_ts_5	com	NG boiler + RTAC or chiller	Boiler, best HP with fossil backup	fossil	Boiler, best HP with fossil backup
(C) Best HP Pt. FS (NG Boiler)	Ventilation	com_hvac_ann_9	com_hvac_ann_11	com_ventilation_4	com_ventilation_4	com	NG boiler + RTAC or chiller	Boiler, best HP with fossil backup	RTAC or chiller	Boiler, best HP with fossil backup
(C) Best HP Pt. FS (NG Furnace & AC)	Cooling (Equip.)	com_hvac_ann_12	com_hvac_ann_12	com_cooling_ts_7	com_cooling_ts_7	com	NG furnace + central or room AC	ASHP, best with fossil backup	AC	ASHP, best with fossil backup
(C) Best HP Pt. FS (NG Furnace & AC)	Heating (Equip.)	com_hvac_ann_12	com_hvac_ann_12	com_heating_ts_8	com_heating_ts_2	com	NG furnace + central or room AC	Boiler, best HP with fossil backup	fossil	Boiler, best HP with fossil backup
(C) Best HP Pt. FS (NG Furnace & AC)	Ventilation	com_hvac_ann_12	com_hvac_ann_12	com_ventilation_6	com_ventilation_6	com	NG furnace + central or room AC	ASHP, best with fossil backup	AC	ASHP, best with fossil backup
(C) Best HP Pt. FS (Other Fossil Boiler)	Cooling (Equip.)	com_hvac_ann_22	com_hvac_ann_22	com_cooling_ts_9	com_cooling_ts_9	com	Other fossil boiler + RTAC or chiller	Boiler, best HP with fossil backup	RTAC or chiller	Boiler, best HP with fossil backup
(C) Best HP Pt. FS (Other Fossil Boiler)	Heating (Equip.)	com_hvac_ann_22	com_hvac_ann_22	com_heating_ts_9	com_heating_ts_5	com	Other fossil boiler + RTAC or chiller	ASHP, best with fossil backup	fossil	ASHP, best with fossil backup
(C) Best HP Pt. FS (Other Fossil Boiler)	Ventilation	com_hvac_ann_22	com_hvac_ann_22	com_ventilation_4	com_ventilation_4	com	Other fossil boiler + RTAC or chiller	Boiler, best HP with fossil backup	RTAC or chiller	Boiler, best HP with fossil backup
(C) Best HP Pt. FS (Other Fossil Furnace & AC)	Cooling (Equip.)	com_hvac_ann_24	com_hvac_ann_24	com_cooling_ts_7	com_cooling_ts_7	com	Other fossil furnace + central or room AC	ASHP, best with fossil backup	AC	ASHP, best with fossil backup
(C) Best HP Pt. FS (Other Fossil Furnace & AC)	Heating (Equip.)	com_hvac_ann_24	com_hvac_ann_24	com_heating_ts_8	com_heating_ts_2	com	Other fossil furnace + central or room AC	ASHP, best with fossil backup	fossil	ASHP, best with fossil backup
(C) Best HP Pt. FS (Other Fossil Furnace & AC)	Ventilation	com_hvac_ann_24	com_hvac_ann_24	com_ventilation_6	com_ventilation_6	com	Other fossil furnace + central or room AC	ASHP, best with fossil backup	AC	ASHP, best with fossil backup
(C) Best HP Pt. FS (RTU, NG Heat)	Cooling (Equip.)	com_hvac_ann_16	com_hvac_ann_19	com_cooling_ts_9	com_cooling_ts_1	com	NG RTU + RTAC or chiller	ASHP, best with fossil backup	RTAC or chiller	ASHP, best with fossil backup
(C) Best HP Pt. FS (RTU, NG Heat)	Heating (Equip.)	com_hvac_ann_16	com_hvac_ann_19	com_heating_ts_8	com_heating_ts_2	com	NG RTU + RTAC or chiller	ASHP, best with fossil backup	fossil	ASHP, best with fossil backup
(C) Best HP Pt. FS (RTU, NG Heat)	Ventilation	com_hvac_ann_16	com_hvac_ann_19	com_ventilation_5	com_ventilation_3	com	NG RTU + RTAC or chiller	ASHP, best with fossil backup	RTAC or chiller	ASHP, best with fossil backup
(C) Best HP Pt. FS (RTU, Other Fossil Heat)	Cooling (Equip.)	com_hvac_ann_28	com_hvac_ann_31	com_cooling_ts_9	com_cooling_ts_1	com	Other fossil RTU + RTAC or chiller	ASHP, best with fossil backup	RTAC or chiller	ASHP, best with fossil backup
(C) Best HP Pt. FS (RTU, Other Fossil Heat)	Heating (Equip.)	com_hvac_ann_28	com_hvac_ann_31	com_heating_ts_8	com_heating_ts_2	com	Other fossil RTU + RTAC or chiller	ASHP, best with fossil backup	fossil	ASHP, best with fossil backup
(C) Best HP Pt. FS (RTU, Other Fossil Heat)	Ventilation	com_hvac_ann_28	com_hvac_ann_31	com_ventilation_5	com_ventilation_3	com	Other fossil RTU + RTAC or chiller	ASHP, best with fossil backup	RTAC or chiller	ASHP, best with fossil backup
(C) Best HPWH FS	Water Heating	com_wh_ann_1	com_wh_ann_1	com_wh_ts_1	com_wh_ts_1	com	Water heater, fossil	Water heater, best HP	Water heater, fossil	Water heater, best HP
(C) Best HPWH TS	Water Heating	com_wh_ann_2	com_wh_ann_2	com_wh_ts_1	com_wh_ts_1	com	Water heater, resistance	Water heater, best HP	Water heater, resistance	Water heater, best HP
(C) Best Lighting	Lighting	com_light_ann_1	com_light_ann_1	com_light_ts_1	com_light_ts_1	com	Lighting	Lighting, best	Lighting	Lighting, best
(C) Best Plug Loads	Computers and Electronics	com_misc_ann_1	com_misc_ann_1	com_misc_ts_1	com_misc_ts_1	com	Computers and electronics	Computers and electronics, best	Computers and electronics	Computers and electronics, best
(C) Best Refrigeration	Refrigeration	com_refrig_ann_1	com_refrig_ann_1	com_refrig_ts_1	com_refrig_ts_1	com	Refrigeration	Refrigeration, best	Refrigeration	Refrigeration
(C) Brk. HP FS (NG Frn. AC) & Env.++	Cooling (Equip.)	com_hvac_ann_12	com_hvac_ann_39	com_cooling_ts_7	com_cooling_ts_10	com	NG furnace + central or room AC	ASHP, breakthrough with env ++	AC	ASHP, breakthrough
(C) Brk. HP FS (NG Frn. AC) & Env.++	Heating (Equip.)	com_hvac_ann_12	com_hvac_ann_39	com_heating_ts_8	com_heating_ts_10	com	NG furnace + central or room AC	ASHP, breakthrough with env ++	fossil	ASHP, breakthrough
(C) Brk. HP FS (NG Frn. AC) & Env.++	Ventilation	com_hvac_ann_12	com_hvac_ann_39	com_ventilation_6	com_ventilation_9	com	NG furnace + central or room AC	ASHP, breakthrough with env ++	AC	ASHP, breakthrough
(C) Brk. HP FS (NG Furnace & AC)	Cooling (Equip.)	com_hvac_ann_12	com_hvac_ann_12	com_cooling_ts_7	com_cooling_ts_7	com	NG furnace + central or room AC	ASHP, breakthrough	AC	ASHP, breakthrough
(C) Brk. HP FS (NG Furnace & AC)	Heating (Equip.)	com_hvac_ann_12	com_hvac_ann_12	com_heating_ts_8	com_heating_ts_5	com	NG furnace + central or room AC	ASHP, breakthrough	fossil	ASHP, breakthrough
(C) Brk. HP FS (NG Furnace & AC)	Ventilation	com_hvac_ann_12	com_hvac_ann_12	com_ventilation_6	com_ventilation_6	com	NG furnace + central or room AC	ASHP, breakthrough	AC	ASHP, breakthrough
(C) Brk. HP FS (Oth. Fs. Frn. AC) & Env.++	Cooling (Equip.)	com_hvac_ann_24	com_hvac_ann_38	com_cooling_ts_7	com_cooling_ts_10	com	Other fossil furnace + central or room AC	ASHP, breakthrough with env ++	AC	ASHP, breakthrough
(C) Brk. HP FS (Oth. Fs. Frn. AC) & Env.++	Heating (Equip.)	com_hvac_ann_24	com_hvac_ann_38	com_heating_ts_8	com_heating_ts_10	com	Other fossil furnace + central or room AC	ASHP, breakthrough with env ++	fossil	ASHP, breakthrough
(C) Brk. HP FS (Oth. Fs. Frn. AC) & Env.++	Ventilation	com_hvac_ann_24	com_hvac_ann_38	com_ventilation_6	com_ventilation_9	com	Other fossil furnace + central or room AC	ASHP, breakthrough with env ++	AC	ASHP, breakthrough
(C) Brk. HP FS (Other Fossil Furnace & AC)	Cooling (Equip.)	com_hvac_ann_24	com_hvac_ann_30	com_cooling_ts_7	com_cooling_ts_3	com	Other fossil furnace + central or room AC	ASHP, breakthrough	AC	ASHP, breakthrough
(C) Brk. HP FS (Other Fossil Furnace & AC)	Heating (Equip.)	com_hvac_ann_24	com_hvac_ann_30	com_heating_ts_8	com_heating_ts_3	com	Other fossil furnace + central or room AC	ASHP, breakthrough	fossil	ASHP, breakthrough
(C) Brk. HP FS (Other Fossil Furnace & AC)	Ventilation	com_hvac_ann_24	com_hvac_ann_30	com_ventilation_6	com_ventilation_2	com	Other fossil furnace + central or room AC	ASHP, breakthrough	AC	ASHP, breakthrough
(C) Bst. HP FS (NG Boiler) & Env.+	Cooling (Equip.)	com_hvac_ann_9	com_hvac_ann_40	com_cooling_ts_9	com_cooling_ts_11	com	NG boiler + RTAC or chiller	Boiler, best HP with env +	RTAC or chiller	Boiler, best HP
(C) Bst. HP FS (NG Boiler) & Env.+	Heating (Equip.)	com_hvac_ann_9	com_hvac_ann_40	com_heating_ts_9	com_heating_ts_11	com	NG boiler + RTAC or chiller	Boiler, best HP with env +	fossil	Boiler, best HP
(C) Bst. HP FS (NG Boiler) & Env.+	Ventilation	com_hvac_ann_9	com_hvac_ann_40	com_ventilation_4	com_ventilation_10	com	NG boiler + RTAC or chiller	Boiler, best HP with env +	RTAC or chiller	Boiler, best HP
(C) Bst. HP FS (RTU, NG Ht.) & Env.+	Cooling (Equip.)	com_hvac_ann_16	com_hvac_ann_18	com_cooling_ts_9	com_cooling_ts_3	com	NG RTU + RTAC or chiller	ASHP, best with env +	RTAC or chiller	ASHP, best
(C) Bst. HP FS (RTU, NG Ht.) & Env.+	Heating (Equip.)	com_hvac_ann_16	com_hvac_ann_18	com_heating_ts_8	com_heating_ts_3	com	NG RTU + RTAC or chiller	ASHP, best with env +	fossil	ASHP, best
(C) Bst. HP FS (RTU, NG Ht.) & Env.+	Ventilation	com_hvac_ann_16	com_hvac_ann_18	com_ventilation_5	com_ventilation_2	com	NG RTU + RTAC or chiller	ASHP, best with env +	RTAC or chiller	ASHP, best
(C) Bst. HP FS (RTU, Oth. Fs. Ht.) & Env.+	Cooling (Equip.)	com_hvac_ann_28	com_hvac_ann_30	com_cooling_ts_9	com_cooling_ts_3	com	Other fossil RTU + RTAC or chiller	ASHP, best with env +	RTAC or chiller	ASHP, best
(C) Bst. HP FS (RTU, Oth. Fs. Ht.) & Env.+	Heating (Equip.)	com_hvac_ann_28	com_hvac_ann_30	com_heating_ts_8	com_heating_ts_3	com	Other fossil RTU + RTAC or chiller	ASHP, best with env +	fossil	ASHP, best
(C) Bst. HP FS (RTU, Oth. Fs. Ht.) & Env.+	Ventilation	com_hvac_ann_28	com_hvac_ann_30	com_ventilation_5	com_ventilation_2	com	Other fossil RTU + RTAC or chiller	ASHP, best with env +	RTAC or chiller	ASHP, best
(C) ES HP FS (RTU, NG Ht.) & Env.	Cooling (Equip.)	com_hvac_ann_16	com_hvac_ann_39	com_cooling_ts_9	com_cooling_ts_10	com	NG RTU + RTAC or chiller	ASHP, ESTAR with env	RTAC or chiller	ASHP, ESTAR
(C) ES HP FS (RTU, NG Ht.) & Env.	Heating (Equip.)	com_hvac_ann_16	com_hvac_ann_39	com_heating_ts_8	com_heating_ts_10	com	NG RTU + RTAC or chiller	ASHP, ESTAR with env	fossil	ASHP, ESTAR
(C) ES HP FS (RTU, NG Ht.) & Env.	Ventilation	com_hvac_ann_16	com_hvac_ann_39	com_ventilation_5	com_ventilation_9	com	NG RTU + RTAC or chiller	ASHP, ESTAR with env	RTAC or chiller	ASHP, ESTAR
(C) ES HP FS (RTU, Oth. Fs. Ht.) & Env.	Cooling (Equip.)	com_hvac_ann_28	com_hvac_ann_38	com_cooling_ts_9	com_cooling_ts_10	com	Other fossil RTU + RTAC or chiller	ASHP, ESTAR with env	RTAC or chiller	ASHP, ESTAR
(C) ES HP FS (RTU, Oth. Fs. Ht.) & Env.	Heating (Equip.)	com_hvac_ann_28	com_hvac_ann_38	com_heating_ts_8	com_heating_ts_10	com	Other fossil RTU + RTAC or chiller	ASHP, ESTAR with env	fossil	ASHP, ESTAR
(C) ES HP FS (RTU, Oth. Fs. Ht.) & Env.	Ventilation	com_hvac_ann_28	com_hvac_ann_38	com_ventilation_5	com_ventilation_9	com	Other fossil RTU + RTAC or chiller	ASHP, ESTAR with env	RTAC or chiller	ASHP, ESTAR
(C) ES HP Pt. FS (RTU, NG Ht.) & Env.	Cooling (Equip.)	com_hvac_ann_16	com_hvac_ann_19	com_cooling_ts_9	com_cooling_ts_1	com	NG RTU + RTAC or chiller	ASHP, ESTAR with env	RTAC or chiller	ASHP, ESTAR
(C) ES HP Pt. FS (RTU, NG Ht.) & Env.	Heating (Equip.)	com_hvac_ann_16	com_hvac_ann_19	com_heating_ts_8	com_heating_ts_2	com	NG RTU + RTAC or chiller	ASHP, ESTAR with env	fossil	ASHP, ESTAR
(C) ES HP Pt. FS (RTU, NG Ht.) & Env.	Ventilation	com_hvac_ann_16	com_hvac_ann_19	com_ventilation_5	com_ventilation_3	com	NG RTU + RTAC or chiller	ASHP, ESTAR with env	RTAC or chiller	ASHP, ESTAR
(C) ES HP Pt. FS (RTU, Oth. Fs. Ht.) & Env.	Cooling (Equip.)	com_hvac_ann_28	com_hvac_ann_31	com_cooling_ts_9	com_cooling_ts_1	com	Other fossil RTU + RTAC or chiller	ASHP, ESTAR with env	RTAC or chiller	ASHP, ESTAR
(C) ES HP Pt. FS (RTU, Oth. Fs. Ht.) & Env.	Heating (Equip.)	com_hvac_ann_28	com_hvac_ann_31	com_heating_ts_8	com_heating_ts_2	com	Other fossil RTU + RTAC or chiller	ASHP, ESTAR with env	fossil	ASHP, ESTAR
(C) ES HP Pt. FS (RTU, Oth. Fs. Ht.) & Env.	Ventilation	com_hvac_ann_28	com_hvac_ann_31	com_ventilation_5	com_ventilation_3	com	Other fossil RTU + RTAC or chiller	ASHP, ESTAR with env	RTAC or chiller	ASHP, ESTAR
(C) ESTAR HP FS (NG Furnace)	Cooling (Equip.)	com_hvac_ann_12	com_hvac_ann_12	com_cooling_ts_7	com_cooling_ts_7	com	NG furnace + central or room AC	ASHP, ESTAR	AC	ASHP, ESTAR
(C) ESTAR HP FS (NG Furnace)	Heating (Equip.)	com_hvac_ann_12	com_hvac_ann_12	com_heating_ts_8	com_heating_ts_1	com	NG furnace + central or room AC	ASHP, ESTAR	fossil	ASHP, ESTAR
(C) ESTAR HP FS (NG Furnace)	Ventilation	com_hvac_ann_12	com_hvac_ann_12	com_ventilation_6	com_ventilation_6	com	NG furnace + central or room AC	ASHP, ESTAR	AC	ASHP, ESTAR
(C) ESTAR HP FS (Other Fossil Furnace)	Cooling (Equip.)	com_hvac_ann_24	com_hvac_ann_24	com_cooling_ts_7	com_cooling_ts_7	com	Other fossil furnace + central or room AC	ASHP, ESTAR	AC	ASHP, ESTAR
(C) ESTAR HP FS (Other Fossil Furnace)	Heating (Equip.)	com_hvac_ann_24	com_hvac_ann_24	com_heating_ts_8	com_heating_ts_1	com	Other fossil furnace + central or room AC	ASHP, ESTAR	fossil	ASHP, ESTAR
(C) ESTAR HP FS (Other Fossil Furnace)	Ventilation	com_hvac_ann_24	com_hvac_ann_24	com_ventilation_6	com_ventilation_6	com	Other fossil furnace + central or room AC	ASHP, ESTAR	AC	ASHP, ESTAR
(C) ESTAR HP FS (RTU, NG Heat)	Cooling (Equip.)	com_hvac_ann_16	com_hvac_ann_17	com_cooling_ts_9	com_cooling_ts_1	com	NG RTU + RTAC or chiller	ASHP, ESTAR	RTAC or chiller	ASHP, ESTAR
(C) ESTAR HP FS (RTU, NG Heat)	Heating (Equip.)	com_hvac_ann_16	com_hvac_ann_17	com_heating_ts_8	com_heating_ts_1	com	NG RTU + RTAC or chiller	ASHP, ESTAR	fossil	ASHP, ESTAR
(C) ESTAR HP FS (RTU, NG Heat)	Ventilation	com_hvac_ann_16	com_hvac_ann_17	com_ventilation_5	com_ventilation_1	com	NG RTU + RTAC or chiller	ASHP, ESTAR	RTAC or chiller	ASHP, ESTAR
(C) ESTAR HP FS (RTU, Other Fossil Heat)	Cooling (Equip.)	com_hvac_ann_28	com_hvac_ann_29	com_cooling_ts_9	com_cooling_ts_1	com	Other fossil RTU + RTAC or chiller	ASHP, ESTAR	RTAC or chiller	ASHP, ESTAR
(C) ESTAR HP FS (RTU, Other Fossil Heat)	Heating (Equip.)	com_hvac_ann_28	com_hvac_ann_29	com_heating_ts_8	com_heating_ts_1	com	Other fossil RTU + RTAC or chiller	ASHP, ESTAR	fossil	ASHP, ESTAR
(C) ESTAR HP FS (RTU, Other Fossil Heat)	Ventilation	com_hvac_ann_28	com_hvac_ann_29	com_ventilation_5	com_ventilation_1	com	Other fossil RTU + RTAC or chiller	ASHP, ESTAR	RTAC or chiller	ASHP, ESTAR
(C) ESTAR HP Pt. FS (NG Furnace)	Cooling (Equip.)	com_hvac_ann_12	com_hvac_ann_12	com_cooling_ts_7	com_cooling_ts_7	com	NG furnace + central or room AC	ASHP, ESTAR with fossil backup	AC	ASHP, ESTAR with fossil backup
(C) ESTAR HP Pt. FS (NG Furnace)	Heating (Equip.)	com_hvac_ann_12	com_hvac_ann_12	com_heating_ts_8	com_heating_ts_2	com	NG furnace + central or room AC	ASHP, ESTAR with fossil backup	fossil	ASHP, ESTAR with fossil backup
(C) ESTAR HP Pt. FS (NG Furnace)	Ventilation	com_hvac_ann_12	com_hvac_ann_12	com_ventilation_6	com_ventilation_6	com	NG furnace + central or room AC	ASHP, ESTAR with fossil backup	AC	ASHP, ESTAR with fossil backup
(C) ESTAR HP Pt. FS (Other Fossil Furnace)	Cooling (Equip.)	com_hvac_ann_24	com_hvac_ann_24	com_cooling_ts_7	com_cooling_ts_7	com	Other fossil furnace + central or room AC	ASHP, ESTAR with fossil backup	AC	ASHP, ESTAR with fossil backup
(C) ESTAR HP Pt. FS (Other Fossil Furnace)	Heating (Equip.)	com_hvac_ann_24	com_hvac_ann_24	com_heating_ts_8	com_heating_ts_2	com	Other fossil furnace + central or room AC	ASHP, ESTAR with fossil backup	fossil	ASHP, ESTAR with fossil backup
(C) ESTAR HP Pt. FS (Other Fossil Furnace)	Ventilation	com_hvac_ann_24	com_hvac_ann_24	com_ventilation_6	com_ventilation_6	com	Other fossil furnace + central or room AC	ASHP, ESTAR with fossil backup	AC	ASHP, ESTAR with fossil backup
(C) ESTAR HP Pt. FS (RTU, NG Heat)	Cooling (Equip.)	com_hvac_ann_16	com_hvac_ann_19	com_cooling_ts_9	com_cooling_ts_1	com	NG RTU + RTAC or chiller	ASHP, ESTAR with fossil backup	RTAC or chiller	ASHP, ESTAR with fossil backup
(C) ESTAR HP Pt. FS (RTU, NG Heat)	Heating (Equip.)	com_hvac_ann_16	com_hvac_ann_19	com_heating_ts_8	com_heating_ts_2	com	NG RTU + RTAC or chiller	ASHP, ESTAR with fossil backup	fossil	ASHP, ESTAR with fossil backup
(C) ESTAR HP Pt. FS (RTU, NG Heat)	Ventilation	com_hvac_ann_16	com_hvac_ann_19	com_ventilation_5	com_ventilation_3	com	NG RTU + RTAC or chiller	ASHP, ESTAR with fossil backup	RTAC or chiller	ASHP, ESTAR with fossil backup
(C) ESTAR HP Pt. FS (RTU, Other Fossil Heat)	Cooling (Equip.)	com_hvac_ann_28	com_hvac_ann_31	com_cooling_ts_9	com_cooling_ts_1	com	Other fossil RTU + RTAC or chiller	ASHP, ESTAR with fossil backup	RTAC or chiller	ASHP, ESTAR with fossil backup
(C) ESTAR HP Pt. FS (RTU, Other Fossil Heat)	Heating (Equip.)	com_hvac_ann_28	com_hvac_ann_31	com_heating_ts_8	com_heating_ts_2	com	Other fossil RTU + RTAC or chiller	ASHP, ESTAR with fossil backup	fossil	ASHP, ESTAR with fossil backup
(C) ESTAR HP Pt. FS (RTU, Other Fossil Heat)	Ventilation	com_hvac_ann_28	com_hvac_ann_31	com_ventilation_5	com_ventilation_3	com	Other fossil RTU + RTAC or chiller	ASHP, ESTAR with fossil backup	RTAC or chiller	ASHP, ESTAR with fossil backup
(C) ESTAR HP TS (Resist. Heat)	Cooling (Equip.)	com_hvac_ann_35	com_hvac_ann_36	com_cooling_ts_9	com_cooling_ts_1	com	ER + RTAC or chiller	ASHP, ESTAR	RTAC or chiller	ASHP, ESTAR
(C) ESTAR HP TS (Resist. Heat)	Heating (Equip.)	com_hvac_ann_35	com_hvac_ann_36	com_heating_ts_7	com_heating_ts_1	com	ER + RTAC or chiller	ASHP, ESTAR	ER	ASHP, ESTAR
(C) ESTAR HP TS (Resist. Heat)	Ventilation	com_hvac_ann_35	com_hvac_ann_36	com_ventilation_7	com_ventilation_1	com	ER + RTAC or chiller	ASHP, ESTAR	RTAC or chiller	ASHP, ESTAR
(C) ESTAR HP TS (RTU, Resist. Heat)	Cooling (Equip.)	com_hvac_ann_35	com_hvac_ann_36	com_cooling_ts_9	com_cooling_ts_1	com	ER + RTAC or chiller	ASHP, ESTAR	RTAC or chiller	ASHP, ESTAR
(C) ESTAR HP TS (RTU, Resist. Heat)	Heating (Equip.)	com_hvac_ann_35	com_hvac_ann_36	com_heating_ts_7	com_heating_ts_1	com	ER + RTAC or chiller	ASHP, ESTAR	ER	ASHP, ESTAR
(C) ESTAR HPWH FS	Water Heating	com_wh_ann_1	com_wh_ann_1	com_wh_ts_1	com_wh_ts_1	com	Water heater, fossil	Water heater, ESTAR HP	Water heater, fossil	Water heater, ESTAR HP
(C) ESTAR HPWH TS	Water Heating	com_wh_ann_2	com_wh_ann_2	com_wh_ts_1	com_wh_ts_1	com	Water heater, resistance	Water heater, ESTAR HP	Water heater, resistance	Water heater, ESTAR HP
(C) Induction Range FS	Cooking	com_cook_ann_1	com_cook_ann_1	com_cook_ts_1	com_cook_ts_1	com	Range, fossil	Range, induction	Range, fossil	Range, electric
(C) Min. Efficiency HP FS (NG Furnace)	Cooling (Equip.)	com_hvac_ann_12	com_hvac_ann_12	com_cooling_ts_7	com_cooling_ts_7	com	NG furnace + central or room AC	ASHP, minimum efficiency	AC	ASHP, minimum efficiency
(C) Min. Efficiency HP FS (NG Furnace)	Heating (Equip.)	com_hvac_ann_12	com_hvac_ann_12	com_heating_ts_8	com_heating_ts_1	com	NG furnace + central or room AC	ASHP, minimum efficiency	fossil	ASHP, minimum efficiency
(C) Min. Efficiency HP FS (NG Furnace)	Ventilation	com_hvac_ann_12	com_hvac_ann_12	com_ventilation_6	com_ventilation_6	com	NG furnace + central or room AC	ASHP, minimum efficiency	AC	ASHP, minimum efficiency
(C) Min. Efficiency HP FS (Other Fossil Furnace)	Cooling (Equip.)	com_hvac_ann_24	com_hvac_ann_24	com_cooling_ts_7	com_cooling_ts_7	com	Other fossil furnace + central or room AC	ASHP, minimum efficiency	AC	ASHP, minimum efficiency
(C) Min. Efficiency HP FS (Other Fossil Furnace)	Heating (Equip.)	com_hvac_ann_24	com_hvac_ann_24	com_heating_ts_8	com_heating_ts_1	com	Other fossil furnace + central or room AC	ASHP, minimum efficiency	fossil	ASHP, minimum efficiency
(C) Min. Efficiency HP FS (Other Fossil Furnace)	Ventilation	com_hvac_ann_24	com_hvac_ann_24	com_ventilation_6	com_ventilation_6	com	Other fossil furnace + central or room AC	ASHP, minimum efficiency	AC	ASHP, minimum efficiency
(C) Min. Efficiency HP FS (RTU, NG Heat)	Cooling (Equip.)	com_hvac_ann_16	com_hvac_ann_17	com_cooling_ts_9	com_cooling_ts_1	com	NG RTU + RTAC or chiller	ASHP, minimum efficiency	RTAC or chiller	ASHP, minimum efficiency
(C) Min. Efficiency HP FS (RTU, NG Heat)	Heating (Equip.)	com_hvac_ann_16	com_hvac_ann_17	com_heating_ts_8	com_heating_ts_1	com	NG RTU + RTAC or chiller	ASHP, minimum efficiency	fossil	ASHP, minimum efficiency
(C) Min. Efficiency HP FS (RTU, NG Heat)	Ventilation	com_hvac_ann_16	com_hvac_ann_17	com_ventilation_5	com_ventilation_1	com	NG RTU + RTAC or chiller	ASHP, minimum efficiency	RTAC or chiller	ASHP, minimum efficiency
(C) Min. Efficiency HP FS (RTU, Other Fossil Heat)	Cooling (Equip.)	com_hvac_ann_28	com_hvac_ann_29	com_cooling_ts_9	com_cooling_ts_1	com	Other fossil RTU + RTAC or chiller	ASHP, minimum efficiency	RTAC or chiller	ASHP, minimum efficiency
(C) Min. Efficiency HP FS (RTU, Other Fossil Heat)	Heating (Equip.)	com_hvac_ann_28	com_hvac_ann_29	com_heating_ts_8	com_heating_ts_1	com	Other fossil RTU + RTAC or chiller	ASHP, minimum efficiency	fossil	ASHP, minimum efficiency
(C) Min. Efficiency HP FS (RTU, Other Fossil Heat)	Ventilation	com_hvac_ann_28	com_hvac_ann_29	com_ventilation_5	com_ventilation_1	com	Other fossil RTU + RTAC or chiller	ASHP, minimum efficiency	RTAC or chiller	ASHP, minimum efficiency
(C) Ref. Case ASHP	Cooling (Equip.)	com_hvac_ann_1	com_hvac_ann_1	com_cooling_ts_1	com_cooling_ts_1	com	ASHP, reference	ASHP, reference	ASHP, reference	ASHP, reference
(C) Ref. Case ASHP	Heating (Equip.)	com_hvac_ann_1	com_hvac_ann_1	com_heating_ts_1	com_heating_ts_1	com	ASHP, reference	ASHP, reference	ASHP, reference	ASHP, reference
(C) Ref. Case ASHP (RTU)	Cooling (Equip.)	com_hvac_ann_1	com_hvac_ann_1	com_cooling_ts_1	com_cooling_ts_1	com	ASHP, reference	ASHP, reference	ASHP, reference	ASHP, reference
(C) Ref. Case ASHP (RTU)	Heating (Equip.)	com_hvac_ann_1	com_hvac_ann_1	com_heating_ts_1	com_heating_ts_1	com	ASHP, reference	ASHP, reference	ASHP, reference	ASHP, reference
(C) Ref. Case ASHP (RTU)	Ventilation	com_hvac_ann_1	com_hvac_ann_1	com_ventilation_9	com_ventilation_9	com	ASHP, reference	ASHP, reference	ASHP, reference	ASHP, reference
(C) Ref. Case Elec. Boiler FS (NG Boiler)	Cooling (Equip.)	com_hvac_ann_9	com_hvac_ann_10	com_cooling_ts_9	com_cooling_ts_9	com	NG boiler + RTAC or chiller	Boiler, electric	RTAC or chiller	Boiler, electric
(C) Ref. Case Elec. Boiler FS (NG Boiler)	Heating (Equip.)	com_hvac_ann_9	com_hvac_ann_10	com_heating_ts_9	com_heating_ts_4	com	NG boiler + RTAC or chiller	Boiler, electric	fossil	Boiler, electric
(C) Ref. Case Elec. Boiler FS (NG Boiler)	Ventilation	com_hvac_ann_9	com_hvac_ann_10	com_ventilation_4	com_ventilation_4	com	NG boiler + RTAC or chiller	Boiler, electric	RTAC or chiller	Boiler, electric
(C) Ref. Case Elec. Boiler FS (Other Fossil Boiler)	Cooling (Equip.)	com_hvac_ann_22	com_hvac_ann_22	com_cooling_ts_9	com_cooling_ts_9	com	Other fossil boiler + RTAC or chiller	Boiler, electric	RTAC or chiller	Boiler, electric
(C) Ref. Case Elec. Boiler FS (Other Fossil Boiler)	Heating (Equip.)	com_hvac_ann_22	com_hvac_ann_22	com_heating_ts_9	com_heating_ts_4	com	Other fossil boiler + RTAC or chiller	Boiler, electric	fossil	Boiler, electric
(C) Ref. Case Elec. Boiler FS (Other Fossil Boiler)	Ventilation	com_hvac_ann_22	com_hvac_ann_22	com_ventilation_4	com_ventilation_4	com	Other fossil boiler + RTAC or chiller	Boiler, electric	RTAC or chiller	Boiler, electric
(C) Ref. Case Electric Other	Other	com_gap_ann_1	com_gap_ann_1	com_gap_ts_1	com_gap_ts_1	com	EIA error	EIA error	Other	Other
(C) Ref. Case Electric Range	Cooking	com_cook_ann_2	com_cook_ann_2	com_cook_ts_1	com_cook_ts_1	com	Range, electric	Range, electric	Range, electric	Range, electric
(C) Ref. Case Electric Range FS	Cooking	com_cook_ann_1	com_cook_ann_1	com_cook_ts_1	com_cook_ts_1	com	Range, fossil	Range, electric	Range, fossil	Range, electric
(C) Ref. Case Fossil Other	Other	com_misc_ann_1	com_misc_ann_1	com_misc_ts_1	com_misc_ts_1	com	Other, fossil	Other, fossil	Other, fossil	Other, fossil
(C) Ref. Case Gas Range	Cooking	com_cook_ann_1	com_cook_ann_1	com_cook_ts_1	com_cook_ts_1	com	Range, fossil	Range, fossil	Range, fossil	Range, fossil
(C) Ref. Case Gas WH	Water Heating	com_wh_ann_1	com_wh_ann_1	com_wh_ts_1	com_wh_ts_1	com	Water heater, fossil	Water heater, fossil	Water heater, fossil	Water heater, fossil
(C) Ref. Case GSHP	Cooling (Equip.)	com_hvac_ann_4	com_hvac_ann_4	com_cooling_ts_8	com_cooling_ts_8	com	GSHP	GSHP	GSHP	GSHP
(C) Ref. Case GSHP	Heating (Equip.)	com_hvac_ann_4	com_hvac_ann_4	com_heating_ts_6	com_heating_ts_6	com	GSHP	GSHP	GSHP	GSHP
(C) Ref. Case GSHP	Ventilation	com_hvac_ann_4	com_hvac_ann_4	com_ventilation_8	com_ventilation_8	com	GSHP	GSHP	GSHP	GSHP
(C) Ref. Case Lighting	Lighting	com_light_ann_1	com_light_ann_1	com_light_ts_1	com_light_ts_1	com	Lighting	Lighting	Lighting	Lighting
(C) Ref. Case Misc. Electric Appliances	Other	com_misc_ann_1	com_misc_ann_1	com_misc_ts_1	com_misc_ts_1	com	Misc. electric appliances	Misc. electric appliances	Misc. electric appliances	Misc. electric appliances
(C) Ref. Case NG Boiler & Chiller	Cooling (Equip.)	com_hvac_ann_9	com_hvac_ann_9	com_cooling_ts_9	com_cooling_ts_9	com	NG boiler + RTAC or chiller	NG boiler + RTAC or chiller	RTAC or chiller	RTAC or chiller
(C) Ref. Case NG Boiler & Chiller	Heating (Equip.)	com_hvac_ann_9	com_hvac_ann_9	com_heating_ts_9	com_heating_ts_4	com	NG boiler + RTAC or chiller	NG boiler + RTAC or chiller	fossil	fossil
(C) Ref. Case NG Boiler & Chiller	Ventilation	com_hvac_ann_9	com_hvac_ann_9	com_ventilation_4	com_ventilation_4	com	NG boiler + RTAC or chiller	NG boiler + RTAC or chiller	RTAC or chiller	RTAC or chiller
(C) Ref. Case NG Furnace & AC	Cooling (Equip.)	com_hvac_ann_12	com_hvac_ann_12	com_cooling_ts_7	com_cooling_ts_7	com	NG furnace + central or room AC	NG furnace + central or room AC	AC	AC
(C) Ref. Case NG Furnace & AC	Heating (Equip.)	com_hvac_ann_12	com_hvac_ann_12	com_heating_ts_8	com_heating_ts_8	com	NG furnace + central or room AC	NG furnace + central or room AC	fossil	fossil
(C) Ref. Case NG Furnace & AC	Ventilation	com_hvac_ann_12	com_hvac_ann_12	com_ventilation_6	com_ventilation_6	com	NG furnace + central or room AC	NG furnace + central or room AC	AC	AC
(C) Ref. Case Other Fossil Boiler & Chiller	Cooling (Equip.)	com_hvac_ann_22	com_hvac_ann_22	com_cooling_ts_9	com_cooling_ts_9	com	Other fossil boiler + RTAC or chiller	Other fossil boiler + RTAC or chiller	RTAC or chiller	RTAC or chiller
(C) Ref. Case Other Fossil Boiler & Chiller	Heating (Equip.)	com_hvac_ann_22	com_hvac_ann_22	com_heating_ts_9	com_heating_ts_9	com	Other fossil boiler + RTAC or chiller	Other fossil boiler + RTAC or chiller	fossil	fossil
(C) Ref. Case Other Fossil Boiler & Chiller	Ventilation	com_hvac_ann_22	com_hvac_ann_22	com_ventilation_4	com_ventilation_4	com	Other fossil boiler + RTAC or chiller	Other fossil boiler + RTAC or chiller	RTAC or chiller	RTAC or chiller
(C) Ref. Case Other Fossil Furnace & AC	Cooling (Equip.)	com_hvac_ann_24	com_hvac_ann_24	com_cooling_ts_7	com_cooling_ts_7	com	Other fossil furnace + central or room AC	Other fossil furnace + central or room AC	AC	AC
(C) Ref. Case Other Fossil Furnace & AC	Heating (Equip.)	com_hvac_ann_24	com_hvac_ann_24	com_heating_ts_8	com_heating_ts_8	com	Other fossil furnace + central or room AC	Other fossil furnace + central or room AC	fossil	fossil
(C) Ref. Case Other Fossil Furnace & AC	Ventilation	com_hvac_ann_24	com_hvac_ann_24	com_ventilation_6	com_ventilation_6	com	Other fossil furnace + central or room AC	Other fossil furnace + central or room AC	AC	AC
(C) Ref. Case Plug Loads	Computers and Electronics	com_misc_ann_1	com_misc_ann_1	com_misc_ts_1	com_misc_ts_1	com	Computers and electronics	Computers and electronics	Computers and electronics	Computers and electronics
(C) Ref. Case Refrigeration	Refrigeration	com_refrig_ann_1	com_refrig_ann_1	com_refrig_ts_1	com_refrig_ts_1	com	Refrigeration	Refrigeration	Refrigeration	Refrigeration
(C) Ref. Case Resist. WH	Water Heating	com_wh_ann_2	com_wh_ann_2	com_wh_ts_1	com_wh_ts_1	com	Water heater, resistance	Water heater, resistance	Water heater, resistance	Water heater, resistance
(C) Ref. Case Resist. WH FS	Water Heating	com_wh_ann_1	com_wh_ann_1	com_wh_ts_1	com_wh_ts_1	com	Water heater, fossil	Water heater, resistance	Water heater, fossil	Water heater, resistance
(C) Ref. Case Resist. WH TS	Water Heating	com_wh_ann_2	com_wh_ann_2	com_wh_ts_1	com_wh_ts_1	com	Water heater, resistance	Water heater, resistance	Water heater, resistance	Water heater, resistance
(C) Ref. Case RTHP	Cooling (Equip.)	com_hvac_ann_1	com_hvac_ann_1	com_cooling_ts_1	com_cooling_ts_1	com	ASHP, reference	ASHP, reference	ASHP, reference	ASHP, reference
(C) Ref. Case RTHP	Heating (Equip.)	com_hvac_ann_1	com_hvac_ann_1	com_heating_ts_1	com_heating_ts_1	com	ASHP, reference	ASHP, reference	ASHP, reference	ASHP, reference
(C) Ref. Case RTU, NG Heat	Cooling (Equip.)	com_hvac_ann_16	com_hvac_ann_16	com_cooling_ts_9	com_cooling_ts_9	com	NG RTU + RTAC or chiller	NG RTU + RTAC or chiller	RTAC or chiller	RTAC or chiller
(C) Ref. Case RTU, NG Heat	Heating (Equip.)	com_hvac_ann_16	com_hvac_ann_16	com_heating_ts_8	com_heating_ts_8	com	NG RTU + RTAC or chiller	NG RTU + RTAC or chiller	fossil	fossil
(C) Ref. Case RTU, NG Heat	Ventilation	com_hvac_ann_16	com_hvac_ann_16	com_ventilation_5	com_ventilation_5	com	NG RTU + RTAC or chiller	NG RTU + RTAC or chiller	RTAC or chiller	RTAC or chiller
(C) Ref. Case RTU, Other Fossil Heat	Cooling (Equip.)	com_hvac_ann_28	com_hvac_ann_28	com_cooling_ts_9	com_cooling_ts_9	com	Other fossil RTU + RTAC or chiller	Other fossil RTU + RTAC or chiller	RTAC or chiller	RTAC or chiller
(C) Ref. Case RTU, Other Fossil Heat	Heating (Equip.)	com_hvac_ann_28	com_hvac_ann_28	com_heating_ts_8	com_heating_ts_8	com	Other fossil RTU + RTAC or chiller	Other fossil RTU + RTAC or chiller	fossil	fossil
(C) Ref. Case RTU, Other Fossil Heat	Ventilation	com_hvac_ann_28	com_hvac_ann_28	com_ventilation_5	com_ventilation_5	com	Other fossil RTU + RTAC or chiller	Other fossil RTU + RTAC or chiller	RTAC or chiller	RTAC or chiller
(C) Ref. Case RTU, Resist. Heat	Cooling (Equip.)	com_hvac_ann_35	com_hvac_ann_35	com_cooling_ts_9	com_cooling_ts_9	com	ER + RTAC or chiller	NG boiler + RTAC or chiller	RTAC or chiller	RTAC or chiller
(C) Ref. Case RTU, Resist. Heat	Heating (Equip.)	com_hvac_ann_35	com_hvac_ann_35	com_heating_ts_7	com_heating_ts_7	com	ER + RTAC or chiller	ER + RTAC or chiller	ER	ER
(C) Ref. Case Ventilation	Ventilation	com_hvac_ann_41	com_hvac_ann_41	com_ventilation_11	com_ventilation_11	com	Any	Any	Any	Any
(C) Ref. Case, Resist. Heat	Cooling (Equip.)	com_hvac_ann_35	com_hvac_ann_35	com_cooling_ts_9	com_cooling_ts_9	com	ER + RTAC or chiller	ER + RTAC or chiller	RTAC or chiller	RTAC or chiller
(C) Ref. Case, Resist. Heat	Heating (Equip.)	com_hvac_ann_35	com_hvac_ann_35	com_heating_ts_7	com_heating_ts_7	com	ER + RTAC or chiller	ER + RTAC or chiller	ER	ER
(C) Ref. Case, Resist. Heat	Ventilation	com_hvac_ann_35	com_hvac_ann_35	com_ventilation_7	com_ventilation_7	com	ER + RTAC or chiller	ER + RTAC or chiller	RTAC or chiller	RTAC or chiller
(C) Ref. Case, Resist. Heat TS	Cooling (Equip.)	com_hvac_ann_35	com_hvac_ann_35	com_cooling_ts_9	com_cooling_ts_9	com	ER + RTAC or chiller	ER + RTAC or chiller	RTAC or chiller	RTAC or chiller
(C) Ref. Case, Resist. Heat TS	Heating (Equip.)	com_hvac_ann_35	com_hvac_ann_35	com_heating_ts_7	com_heating_ts_7	com	ER + RTAC or chiller	ER + RTAC or chiller	ER	ER
(C) Ref. Case, Resist. Heat TS	Ventilation	com_hvac_ann_35	com_hvac_ann_35	com_ventilation_7	com_ventilation_7	com	ER + RTAC or chiller	ER + RTAC or chiller	RTAC or chiller	RTAC or chiller
(R) Best Clothes Washer	Other	res_cw_ann_1	res_cw_ann_1	res_cw_ts_1	res_cw_ts_1	res	Clothes washer	Clothes washer, best	Clothes washer	Clothes washer
(R) Best Dishwasher	Other	res_dw_ann_1	res_dw_ann_1	res_dw_ts_1	res_dw_ts_1	res	Dishwasher	Dishwasher, best	Dishwasher	Dishwasher
(R) Best Electronics	Computers and Electronics	res_misc_ann_1	res_misc_ann_1	res_misc_ts_1	res_misc_ts_1	res	Computers and electronics	Computers and electronics, best	Computers and electronics	Computers and electronics, best
(R) Best HP Dryer FS	Other	res_dry_ann_1	res_dry_ann_2	res_dry_ts_1	res_dry_ts_3	res	Dryer, fossil	Dryer, best HP	Dryer, fossil	Dryer, best HP
(R) Best HP Dryer TS	Other	res_dry_ann_3	res_dry_ann_4	res_dry_ts_2	res_dry_ts_3	res	Dryer, resistance	Dryer, best HP	Dryer, resistance	Dryer, best HP
(R) Best HP FS (NG Boiler)	Cooling (Equip.)	res_hvac_ann_10	res_hvac_ann_12	res_cooling_ts_1	res_cooling_ts_3	res	AC	ASHP, best	AC	ASHP, best
(R) Best HP FS (NG Boiler)	Heating (Equip.)	res_hvac_ann_10	res_hvac_ann_12	res_heating_ts_2	res_heating_ts_4	res	fossil	ASHP, best	fossil	ASHP, best
(R) Best HP FS (NG Furnace)	Cooling (Equip.)	res_hvac_ann_10	res_hvac_ann_12	res_cooling_ts_1	res_cooling_ts_3	res	AC	ASHP, best	AC	ASHP, best
(R) Best HP FS (NG Furnace)	Heating (Equip.)	res_hvac_ann_10	res_hvac_ann_12	res_heating_ts_2	res_heating_ts_4	res	fossil	ASHP, best	fossil	ASHP, best
(R) Best HP FS (NG Heat, No Cool)	Cooling (Equip.)	res_hvac_ann_62	res_hvac_ann_64	res_cooling_ts_0	res_cooling_ts_3	res	none	ASHP, best	none	ASHP, best
(R) Best HP FS (NG Heat, No Cool)	Heating (Equip.)	res_hvac_ann_62	res_hvac_ann_64	res_heating_ts_2	res_heating_ts_4	res	fossil	ASHP, best	fossil	ASHP, best
(R) Best HP FS (Other Fossil Boiler)	Cooling (Equip.)	res_hvac_ann_21	res_hvac_ann_23	res_cooling_ts_1	res_cooling_ts_3	res	AC	ASHP, best	AC	ASHP, best
(R) Best HP FS (Other Fossil Boiler)	Heating (Equip.)	res_hvac_ann_21	res_hvac_ann_23	res_heating_ts_2	res_heating_ts_4	res	fossil	ASHP, best	fossil	ASHP, best
(R) Best HP FS (Other Fossil Furnace)	Cooling (Equip.)	res_hvac_ann_21	res_hvac_ann_23	res_cooling_ts_1	res_cooling_ts_3	res	AC	ASHP, best	AC	ASHP, best
(R) Best HP FS (Other Fossil Furnace)	Heating (Equip.)	res_hvac_ann_21	res_hvac_ann_23	res_heating_ts_2	res_heating_ts_4	res	fossil	ASHP, best	fossil	ASHP, best
(R) Best HP FS (Other Fossil Heat, No Cool)	Cooling (Equip.)	res_hvac_ann_73	res_hvac_ann_75	res_cooling_ts_0	res_cooling_ts_3	res	none	ASHP, best	none	ASHP, best
(R) Best HP FS (Other Fossil Heat, No Cool)	Heating (Equip.)	res_hvac_ann_73	res_hvac_ann_75	res_heating_ts_2	res_heating_ts_4	res	fossil	ASHP, best	fossil	ASHP, best
(R) Best HP Pt. FS (NG Boiler)	Cooling (Equip.)	res_hvac_ann_10	res_hvac_ann_14	res_cooling_ts_1	res_cooling_ts_3	res	AC	ASHP, best with fossil backup	AC	ASHP, best with fossil backup
(R) Best HP Pt. FS (NG Boiler)	Heating (Equip.)	res_hvac_ann_10	res_hvac_ann_14	res_heating_ts_2	res_heating_ts_6	res	fossil	ASHP, best with fossil backup	fossil	ASHP, best with fossil backup
(R) Best HP Pt. FS (NG Furnace)	Cooling (Equip.)	res_hvac_ann_10	res_hvac_ann_14	res_cooling_ts_1	res_cooling_ts_3	res	AC	ASHP, best with fossil backup	AC	ASHP, best with fossil backup
(R) Best HP Pt. FS (NG Furnace)	Heating (Equip.)	res_hvac_ann_10	res_hvac_ann_14	res_heating_ts_2	res_heating_ts_6	res	fossil	ASHP, best with fossil backup	fossil	ASHP, best with fossil backup
(R) Best HP Pt. FS (NG Heat, No Cool)	Cooling (Equip.)	res_hvac_ann_62	res_hvac_ann_66	res_cooling_ts_0	res_cooling_ts_3	res	none	ASHP, best with fossil backup	none	ASHP, best with fossil backup
(R) Best HP Pt. FS (NG Heat, No Cool)	Heating (Equip.)	res_hvac_ann_62	res_hvac_ann_66	res_heating_ts_2	res_heating_ts_6	res	fossil	ASHP, best with fossil backup	fossil	ASHP, best with fossil backup
(R) Best HP Pt. FS (Other Fossil Boiler)	Cooling (Equip.)	res_hvac_ann_21	res_hvac_ann_25	res_cooling_ts_1	res_cooling_ts_3	res	AC	ASHP, best with fossil backup	AC	ASHP, best with fossil backup
(R) Best HP Pt. FS (Other Fossil Boiler)	Heating (Equip.)	res_hvac_ann_21	res_hvac_ann_25	res_heating_ts_2	res_heating_ts_6	res	fossil	ASHP, best with fossil backup	fossil	ASHP, best with fossil backup
(R) Best HP Pt. FS (Other Fossil Furnace)	Cooling (Equip.)	res_hvac_ann_21	res_hvac_ann_25	res_cooling_ts_1	res_cooling_ts_3	res	AC	ASHP, best with fossil backup	AC	ASHP, best with fossil backup
(R) Best HP Pt. FS (Other Fossil Furnace)	Heating (Equip.)	res_hvac_ann_21	res_hvac_ann_25	res_heating_ts_2	res_heating_ts_6	res	fossil	ASHP, best with fossil backup	fossil	ASHP, best with fossil backup
(R) Best HP Pt. FS (Other Fossil Heat, No Cool)	Cooling (Equip.)	res_hvac_ann_73	res_hvac_ann_77	res_cooling_ts_0	res_cooling_ts_3	res	none	ASHP, best with fossil backup	none	ASHP, best with fossil backup
(R) Best HP Pt. FS (Other Fossil Heat, No Cool)	Heating (Equip.)	res_hvac_ann_73	res_hvac_ann_77	res_heating_ts_2	res_heating_ts_6	res	fossil	ASHP, best with fossil backup	fossil	ASHP, best with fossil backup
(R) Best HP TS (Resist. Heat, No Cool)	Cooling (Equip.)	res_hvac_ann_53	res_hvac_ann_55	res_cooling_ts_0	res_cooling_ts_3	res	none	ASHP, best	none	ASHP, best
(R) Best HP TS (Resist. Heat, No Cool)	Heating (Equip.)	res_hvac_ann_53	res_hvac_ann_55	res_heating_ts_1	res_heating_ts_4	res	ER	ASHP, best	ER	ASHP, best
(R) Best HP TS (Resist.)	Cooling (Equip.)	res_hvac_ann_1	res_hvac_ann_3	res_cooling_ts_1	res_cooling_ts_3	res	AC	ASHP, best	AC	ASHP, best
(R) Best HP TS (Resist.)	Heating (Equip.)	res_hvac_ann_1	res_hvac_ann_3	res_heating_ts_1	res_heating_ts_4	res	ER	ASHP, best	ER	ASHP, best
(R) Best HPWH FS	Water Heating	res_wh_ann_1	res_wh_ann_2	res_wh_ts_1	res_wh_ts_3	res	Water heater, fossil	Water heater, best HP	Water heater, fossil	Water heater, best HP
(R) Best HPWH TS	Water Heating	res_wh_ann_3	res_wh_ann_4	res_wh_ts_2	res_wh_ts_3	res	Water heater, resistance	Water heater, best HP	Water heater, resistance	Water heater, best HP
(R) Best Refrigerator	Refrigeration	res_refrig_ann_1	res_refrig_ann_1	res_refrig_ts_1	res_refrig_ts_1	res	Refrigeration	Refrigeration, best	Refrigeration	Refrigeration
(R) Best Residential LED Lighting	Lighting	res_light_ann_1	res_light_ann_1	res_light_ts_1	res_light_ts_1	res	Lighting	Lighting, best	Lighting	Lighting, best
(R) Brk. HP FS (NG Boiler)	Cooling (Equip.)	res_hvac_ann_10	res_hvac_ann_13	res_cooling_ts_1	res_cooling_ts_4	res	AC	ASHP, breakthrough	AC	ASHP, breakthrough
(R) Brk. HP FS (NG Boiler)	Heating (Equip.)	res_hvac_ann_10	res_hvac_ann_13	res_heating_ts_2	res_heating_ts_5	res	fossil	ASHP, breakthrough	fossil	ASHP, breakthrough
(R) Brk. HP FS (NG Boiler) & Env.++	Cooling (Equip.)	res_hvac_ann_10	res_hvac_ann_18	res_cooling_ts_1	res_cooling_ts_8	res	AC	ASHP, breakthrough with env ++	AC	ASHP, breakthrough
(R) Brk. HP FS (NG Boiler) & Env.++	Heating (Equip.)	res_hvac_ann_10	res_hvac_ann_18	res_heating_ts_2	res_heating_ts_10	res	fossil	ASHP, breakthrough with env ++	fossil	ASHP, breakthrough
(R) Brk. HP FS (NG Frn.) & Env.++	Cooling (Equip.)	res_hvac_ann_10	res_hvac_ann_18	res_cooling_ts_1	res_cooling_ts_8	res	AC	ASHP, breakthrough with env ++	AC	ASHP, breakthrough
(R) Brk. HP FS (NG Frn.) & Env.++	Heating (Equip.)	res_hvac_ann_10	res_hvac_ann_18	res_heating_ts_2	res_heating_ts_10	res	fossil	ASHP, breakthrough with env ++	fossil	ASHP, breakthrough
(R) Brk. HP FS (NG Furnace)	Cooling (Equip.)	res_hvac_ann_10	res_hvac_ann_13	res_cooling_ts_1	res_cooling_ts_4	res	AC	ASHP, breakthrough	AC	ASHP, breakthrough
(R) Brk. HP FS (NG Furnace)	Heating (Equip.)	res_hvac_ann_10	res_hvac_ann_13	res_heating_ts_2	res_heating_ts_5	res	fossil	ASHP, breakthrough	fossil	ASHP, breakthrough
(R) Brk. HP FS (NG Heat, No Cool)	Cooling (Equip.)	res_hvac_ann_62	res_hvac_ann_65	res_cooling_ts_0	res_cooling_ts_4	res	none	ASHP, breakthrough	none	ASHP, breakthrough
(R) Brk. HP FS (NG Heat, No Cool)	Heating (Equip.)	res_hvac_ann_62	res_hvac_ann_65	res_heating_ts_2	res_heating_ts_5	res	fossil	ASHP, breakthrough	fossil	ASHP, breakthrough
(R) Brk. HP FS (Oth. Fs. Frn.) & Env.++	Cooling (Equip.)	res_hvac_ann_21	res_hvac_ann_29	res_cooling_ts_1	res_cooling_ts_8	res	AC	ASHP, breakthrough with env ++	AC	ASHP, breakthrough
(R) Brk. HP FS (Oth. Fs. Frn.) & Env.++	Heating (Equip.)	res_hvac_ann_21	res_hvac_ann_29	res_heating_ts_2	res_heating_ts_10	res	fossil	ASHP, breakthrough with env ++	fossil	ASHP, breakthrough
(R) Brk. HP FS (Other Fossil Boiler)	Cooling (Equip.)	res_hvac_ann_21	res_hvac_ann_24	res_cooling_ts_1	res_cooling_ts_4	res	AC	ASHP, breakthrough	AC	ASHP, breakthrough
(R) Brk. HP FS (Other Fossil Boiler)	Heating (Equip.)	res_hvac_ann_21	res_hvac_ann_24	res_heating_ts_2	res_heating_ts_5	res	fossil	ASHP, breakthrough	fossil	ASHP, breakthrough
(R) Brk. HP FS (Other Fossil Furnace)	Cooling (Equip.)	res_hvac_ann_21	res_hvac_ann_24	res_cooling_ts_1	res_cooling_ts_4	res	AC	ASHP, breakthrough	AC	ASHP, breakthrough
(R) Brk. HP FS (Other Fossil Furnace)	Heating (Equip.)	res_hvac_ann_21	res_hvac_ann_24	res_heating_ts_2	res_heating_ts_5	res	fossil	ASHP, breakthrough	fossil	ASHP, breakthrough
(R) Brk. HP FS (Other Fossil Heat, No Cool)	Cooling (Equip.)	res_hvac_ann_73	res_hvac_ann_76	res_cooling_ts_0	res_cooling_ts_4	res	none	ASHP, breakthrough	none	ASHP, breakthrough
(R) Brk. HP FS (Other Fossil Heat, No Cool)	Heating (Equip.)	res_hvac_ann_73	res_hvac_ann_76	res_heating_ts_2	res_heating_ts_5	res	fossil	ASHP, breakthrough	fossil	ASHP, breakthrough
(R) Brk. HP LFL	Cooling (Equip.)	res_hvac_ann_32	res_hvac_ann_35	res_cooling_ts_2	res_cooling_ts_4	res	ASHP, reference	ASHP, breakthrough	ASHP, reference	ASHP, breakthrough
(R) Brk. HP LFL	Heating (Equip.)	res_hvac_ann_32	res_hvac_ann_35	res_heating_ts_3	res_heating_ts_5	res	ASHP, reference	ASHP, breakthrough	ASHP, reference	ASHP, breakthrough
(R) Brk. HP TS (Resist. Heat, No Cool)	Cooling (Equip.)	res_hvac_ann_53	res_hvac_ann_56	res_cooling_ts_0	res_cooling_ts_4	res	none	ASHP, breakthrough	none	ASHP, breakthrough
(R) Brk. HP TS (Resist. Heat, No Cool)	Heating (Equip.)	res_hvac_ann_53	res_hvac_ann_56	res_heating_ts_1	res_heating_ts_5	res	ER	ASHP, breakthrough	ER	ASHP, breakthrough
(R) Brk. HP TS (Resist.)	Cooling (Equip.)	res_hvac_ann_1	res_hvac_ann_4	res_cooling_ts_1	res_cooling_ts_4	res	AC	ASHP, breakthrough	AC	ASHP, breakthrough
(R) Brk. HP TS (Resist.)	Heating (Equip.)	res_hvac_ann_1	res_hvac_ann_4	res_heating_ts_1	res_heating_ts_5	res	ER	ASHP, breakthrough	ER	ASHP, breakthrough
(R) Brk. HP TS (Resist.) & Env.++	Cooling (Equip.)	res_hvac_ann_1	res_hvac_ann_8	res_cooling_ts_1	res_cooling_ts_8	res	AC	ASHP, breakthrough with env ++	AC	ASHP, breakthrough
(R) Brk. HP TS (Resist.) & Env.++	Heating (Equip.)	res_hvac_ann_1	res_hvac_ann_8	res_heating_ts_1	res_heating_ts_10	res	ER	ASHP, breakthrough with env ++	ER	ASHP, breakthrough
(R) Bst. HP FS (NG Boiler) & Env.+	Cooling (Equip.)	res_hvac_ann_10	res_hvac_ann_17	res_cooling_ts_1	res_cooling_ts_7	res	AC	ASHP, best with env +	AC	ASHP, best
(R) Bst. HP FS (NG Boiler) & Env.+	Heating (Equip.)	res_hvac_ann_10	res_hvac_ann_17	res_heating_ts_2	res_heating_ts_9	res	fossil	ASHP, best with env +	fossil	ASHP, best
(R) Bst. HP FS (NG Frn.) & Env.+	Cooling (Equip.)	res_hvac_ann_10	res_hvac_ann_17	res_cooling_ts_1	res_cooling_ts_7	res	AC	ASHP, best with env +	AC	ASHP, best
(R) Bst. HP FS (NG Frn.) & Env.+	Heating (Equip.)	res_hvac_ann_10	res_hvac_ann_17	res_heating_ts_2	res_heating_ts_9	res	fossil	ASHP, best with env +	fossil	ASHP, best
(R) Bst. HP FS (Oth. Fs. Frn.) & Env.+	Cooling (Equip.)	res_hvac_ann_21	res_hvac_ann_28	res_cooling_ts_1	res_cooling_ts_7	res	AC	ASHP, best with env +	AC	ASHP, best
(R) Bst. HP FS (Oth. Fs. Frn.) & Env.+	Heating (Equip.)	res_hvac_ann_21	res_hvac_ann_28	res_heating_ts_2	res_heating_ts_9	res	fossil	ASHP, best with env +	fossil	ASHP, best
(R) Bst. HP TS (Resist.) & Env.+	Cooling (Equip.)	res_hvac_ann_1	res_hvac_ann_7	res_cooling_ts_1	res_cooling_ts_7	res	AC	ASHP, best with env +	AC	ASHP, best
(R) Bst. HP TS (Resist.) & Env.+	Heating (Equip.)	res_hvac_ann_1	res_hvac_ann_7	res_heating_ts_1	res_heating_ts_9	res	ER	ASHP, best with env +	ER	ASHP, best
(R) Electric FS (Secondary Fossil Heating)	Heating (Equip.)	res_hvac_ann_84	res_hvac_ann_52	res_heating_ts_2	res_heating_ts_1	res	fossil	Secondary heating	fossil	Secondary heating
(R) ENERGY STAR Clothes Washer	Other	res_cw_ann_1	res_cw_ann_1	res_cw_ts_1	res_cw_ts_1	res	Clothes washer	Clothes washer, ESTAR	Clothes washer	Clothes washer
(R) ENERGY STAR Dishwasher	Other	res_dw_ann_1	res_dw_ann_1	res_dw_ts_1	res_dw_ts_1	res	Dishwasher	Dishwasher, ESTAR	Dishwasher	Dishwasher
(R) ENERGY STAR Dryer	Other	res_dry_ann_3	res_dry_ann_3	res_dry_ts_2	res_dry_ts_2	res	Dryer, resistance	Dryer, ESTAR	Dryer, resistance	Dryer, ESTAR
(R) ENERGY STAR Electronics	Computers and Electronics	res_misc_ann_1	res_misc_ann_1	res_misc_ts_1	res_misc_ts_1	res	Computers and electronics	Computers and electronics, ESTAR	Computers and electronics	Computers and electronics, ESTAR
(R) ENERGY STAR Pool Pumps	Other	res_pp_ann_1	res_pp_ann_1	res_pp_ts_1	res_pp_ts_1	res	Pool pump	Pool pump, ESTAR	Pool pump	Pool pump
(R) ENERGY STAR Refrigerator	Refrigeration	res_refrig_ann_1	res_refrig_ann_1	res_refrig_ts_1	res_refrig_ts_1	res	Refrigeration	Refrigeration, ESTAR	Refrigeration	Refrigeration
(R) ES GSHP (NG Frn.) & Env.	Cooling (Equip.)	res_hvac_ann_10	res_hvac_ann_20	res_cooling_ts_1	res_cooling_ts_9	res	AC	GSHP, ESTAR with env	AC	GSHP, ESTAR
(R) ES GSHP (NG Frn.) & Env.	Heating (Equip.)	res_hvac_ann_10	res_hvac_ann_20	res_heating_ts_2	res_heating_ts_12	res	fossil	GSHP, ESTAR with env	fossil	GSHP, ESTAR
(R) ES GSHP (Oth. Fs. Frn.) & Env.	Cooling (Equip.)	res_hvac_ann_21	res_hvac_ann_31	res_cooling_ts_1	res_cooling_ts_9	res	AC	GSHP, ESTAR with env	AC	GSHP, ESTAR
(R) ES GSHP (Oth. Fs. Frn.) & Env.	Heating (Equip.)	res_hvac_ann_21	res_hvac_ann_31	res_heating_ts_2	res_heating_ts_12	res	fossil	GSHP, ESTAR with env	fossil	GSHP, ESTAR
(R) ES HP FS (NG Frn.) & Env.	Cooling (Equip.)	res_hvac_ann_10	res_hvac_ann_16	res_cooling_ts_1	res_cooling_ts_6	res	AC	ASHP, ESTAR with env	AC	ASHP, ESTAR
(R) ES HP FS (NG Frn.) & Env.	Heating (Equip.)	res_hvac_ann_10	res_hvac_ann_16	res_heating_ts_2	res_heating_ts_8	res	fossil	ASHP, ESTAR with env	fossil	GSHP, ESTAR
(R) ES HP FS (Oth. Fs. Frn.) & Env.	Cooling (Equip.)	res_hvac_ann_21	res_hvac_ann_27	res_cooling_ts_1	res_cooling_ts_6	res	AC	ASHP, ESTAR with env	AC	ASHP, ESTAR
(R) ES HP FS (Oth. Fs. Frn.) & Env.	Heating (Equip.)	res_hvac_ann_21	res_hvac_ann_27	res_heating_ts_2	res_heating_ts_8	res	fossil	ASHP, ESTAR with env	fossil	GSHP, ESTAR
(R) ES HP LFL & Env.	Cooling (Equip.)	res_hvac_ann_32	res_hvac_ann_38	res_cooling_ts_2	res_cooling_ts_6	res	ASHP, reference	ASHP, ESTAR with env	ASHP, reference	ASHP, ESTAR
(R) ES HP LFL & Env.	Heating (Equip.)	res_hvac_ann_32	res_hvac_ann_38	res_heating_ts_3	res_heating_ts_8	res	ASHP, reference	ASHP, ESTAR with env	ASHP, reference	ASHP, ESTAR
(R) ES HP Pt. FS (NG Frn.) & Env.	Cooling (Equip.)	res_hvac_ann_10	res_hvac_ann_19	res_cooling_ts_1	res_cooling_ts_6	res	AC	ASHP, ESTAR with fossil backup and env	AC	ASHP, ESTAR with fossil backup
(R) ES HP Pt. FS (NG Frn.) & Env.	Heating (Equip.)	res_hvac_ann_10	res_hvac_ann_19	res_heating_ts_2	res_heating_ts_11	res	fossil	ASHP, ESTAR with fossil backup and env	fossil	ASHP, ESTAR with fossil backup
(R) ES HP Pt. FS (Oth. Fs. Frn.) & Env.	Cooling (Equip.)	res_hvac_ann_21	res_hvac_ann_30	res_cooling_ts_1	res_cooling_ts_6	res	AC	ASHP, ESTAR with fossil backup and env	AC	ASHP, ESTAR with fossil backup
(R) ES HP Pt. FS (Oth. Fs. Frn.) & Env.	Heating (Equip.)	res_hvac_ann_21	res_hvac_ann_30	res_heating_ts_2	res_heating_ts_11	res	fossil	ASHP, ESTAR with fossil backup and env	fossil	ASHP, ESTAR with fossil backup
(R) ES HP TS (Resist.) & Env.	Cooling (Equip.)	res_hvac_ann_1	res_hvac_ann_6	res_cooling_ts_1	res_cooling_ts_6	res	AC	ASHP, ESTAR with env	AC	ASHP, ESTAR
(R) ES HP TS (Resist.) & Env.	Heating (Equip.)	res_hvac_ann_1	res_hvac_ann_6	res_heating_ts_1	res_heating_ts_8	res	ER	ASHP, ESTAR with env	ER	ASHP, ESTAR
(R) ESTAR 120V HPWH FS	Water Heating	res_wh_ann_1	res_wh_ann_2	res_wh_ts_1	res_wh_ts_3	res	Water heater, fossil	Water heater, ESTAR HP 120V	Water heater, fossil	Water heater, ESTAR HP
(R) ESTAR 240V HPWH FS	Water Heating	res_wh_ann_1	res_wh_ann_2	res_wh_ts_1	res_wh_ts_3	res	Water heater, fossil	Water heater, ESTAR HP 240V	Water heater, fossil	Water heater, ESTAR HP
(R) ESTAR GSHP (NG Furnace)	Cooling (Equip.)	res_hvac_ann_10	res_hvac_ann_15	res_cooling_ts_1	res_cooling_ts_5	res	AC	GSHP, ESTAR	AC	GSHP, ESTAR
(R) ESTAR GSHP (NG Furnace)	Heating (Equip.)	res_hvac_ann_10	res_hvac_ann_15	res_heating_ts_2	res_heating_ts_7	res	fossil	GSHP, ESTAR	fossil	GSHP, ESTAR
(R) ESTAR GSHP (Other Fossil Furnace)	Cooling (Equip.)	res_hvac_ann_21	res_hvac_ann_26	res_cooling_ts_1	res_cooling_ts_5	res	AC	GSHP, ESTAR	AC	GSHP, ESTAR
(R) ESTAR GSHP (Other Fossil Furnace)	Heating (Equip.)	res_hvac_ann_21	res_hvac_ann_25	res_heating_ts_2	res_heating_ts_7	res	fossil	GSHP, ESTAR	fossil	GSHP, ESTAR
(R) ESTAR HP FS (NG Furnace)	Cooling (Equip.)	res_hvac_ann_10	res_hvac_ann_11	res_cooling_ts_1	res_cooling_ts_2	res	AC	ASHP, ESTAR	AC	ASHP, ESTAR
(R) ESTAR HP FS (NG Furnace)	Heating (Equip.)	res_hvac_ann_10	res_hvac_ann_11	res_heating_ts_2	res_heating_ts_3	res	fossil	ASHP, ESTAR	fossil	ASHP, ESTAR
(R) ESTAR HP FS (NG Heat, No Cool)	Cooling (Equip.)	res_hvac_ann_62	res_hvac_ann_66	res_cooling_ts_0	res_cooling_ts_2	res	none	ASHP, ESTAR	none	ASHP, ESTAR
(R) ESTAR HP FS (NG Heat, No Cool)	Heating (Equip.)	res_hvac_ann_62	res_hvac_ann_63	res_heating_ts_2	res_heating_ts_3	res	fossil	ASHP, ESTAR	fossil	ASHP, ESTAR
(R) ESTAR HP FS (Other Fossil Furnace)	Cooling (Equip.)	res_hvac_ann_21	res_hvac_ann_22	res_cooling_ts_1	res_cooling_ts_2	res	AC	ASHP, ESTAR	AC	ASHP, ESTAR
(R) ESTAR HP FS (Other Fossil Furnace)	Heating (Equip.)	res_hvac_ann_21	res_hvac_ann_22	res_heating_ts_2	res_heating_ts_3	res	fossil	ASHP, ESTAR	fossil	ASHP, ESTAR
(R) ESTAR HP FS (Other Fossil Heat, No Cool)	Cooling (Equip.)	res_hvac_ann_73	res_hvac_ann_74	res_cooling_ts_0	res_cooling_ts_2	res	none	ASHP, ESTAR	none	ASHP, ESTAR
(R) ESTAR HP FS (Other Fossil Heat, No Cool)	Heating (Equip.)	res_hvac_ann_73	res_hvac_ann_74	res_heating_ts_2	res_heating_ts_3	res	fossil	ASHP, ESTAR	fossil	ASHP, ESTAR
(R) ESTAR HP LFL	Cooling (Equip.)	res_hvac_ann_32	res_hvac_ann_33	res_cooling_ts_2	res_cooling_ts_2	res	ASHP, reference	ASHP, ESTAR	ASHP, reference	ASHP, ESTAR
(R) ESTAR HP LFL	Heating (Equip.)	res_hvac_ann_32	res_hvac_ann_33	res_heating_ts_3	res_heating_ts_3	res	ASHP, reference	ASHP, ESTAR	ASHP, reference	ASHP, ESTAR
(R) ESTAR HP Pt. FS (NG Boiler)	Cooling (Equip.)	res_hvac_ann_10	res_hvac_ann_25	res_cooling_ts_1	res_cooling_ts_2	res	AC	ASHP, ESTAR with fossil backup	AC	ASHP, ESTAR with fossil backup
(R) ESTAR HP Pt. FS (NG Boiler)	Heating (Equip.)	res_hvac_ann_10	res_hvac_ann_25	res_heating_ts_2	res_heating_ts_6	res	fossil	ASHP, ESTAR with fossil backup	fossil	ASHP, ESTAR with fossil backup
(R) ESTAR HP Pt. FS (NG Furnace)	Cooling (Equip.)	res_hvac_ann_10	res_hvac_ann_14	res_cooling_ts_1	res_cooling_ts_2	res	AC	ASHP, ESTAR with fossil backup	AC	ASHP, ESTAR with fossil backup
(R) ESTAR HP Pt. FS (NG Furnace)	Heating (Equip.)	res_hvac_ann_10	res_hvac_ann_14	res_heating_ts_2	res_heating_ts_6	res	fossil	ASHP, ESTAR with fossil backup	fossil	ASHP, ESTAR with fossil backup
(R) ESTAR HP Pt. FS (NG Heat, No Cool)	Cooling (Equip.)	res_hvac_ann_62	res_hvac_ann_66	res_cooling_ts_0	res_cooling_ts_2	res	none	ASHP, ESTAR with fossil backup	none	ASHP, ESTAR with fossil backup
(R) ESTAR HP Pt. FS (NG Heat, No Cool)	Heating (Equip.)	res_hvac_ann_62	res_hvac_ann_66	res_heating_ts_2	res_heating_ts_6	res	fossil	ASHP, ESTAR with fossil backup	fossil	ASHP, ESTAR with fossil backup
(R) ESTAR HP Pt. FS (Other Fossil Boiler)	Cooling (Equip.)	res_hvac_ann_21	res_hvac_ann_14	res_cooling_ts_1	res_cooling_ts_2	res	AC	ASHP, ESTAR with fossil backup	AC	ASHP, ESTAR with fossil backup
(R) ESTAR HP Pt. FS (Other Fossil Boiler)	Heating (Equip.)	res_hvac_ann_21	res_hvac_ann_14	res_heating_ts_2	res_heating_ts_6	res	fossil	ASHP, ESTAR with fossil backup	fossil	ASHP, ESTAR with fossil backup
(R) ESTAR HP Pt. FS (Other Fossil Furnace)	Cooling (Equip.)	res_hvac_ann_21	res_hvac_ann_25	res_cooling_ts_1	res_cooling_ts_2	res	AC	ASHP, ESTAR with fossil backup	AC	ASHP, ESTAR with fossil backup
(R) ESTAR HP Pt. FS (Other Fossil Furnace)	Heating (Equip.)	res_hvac_ann_21	res_hvac_ann_25	res_heating_ts_2	res_heating_ts_6	res	fossil	ASHP, ESTAR with fossil backup	fossil	ASHP, ESTAR with fossil backup
(R) ESTAR HP Pt. FS (Other Fossil Heat, No Cool)	Cooling (Equip.)	res_hvac_ann_73	res_hvac_ann_77	res_cooling_ts_0	res_cooling_ts_2	res	none	ASHP, ESTAR with fossil backup	none	ASHP, ESTAR with fossil backup
(R) ESTAR HP Pt. FS (Other Fossil Heat, No Cool)	Heating (Equip.)	res_hvac_ann_73	res_hvac_ann_77	res_heating_ts_2	res_heating_ts_6	res	fossil	ASHP, ESTAR with fossil backup	fossil	ASHP, ESTAR with fossil backup
(R) ESTAR HP TS (Resist. Heat, No Cool)	Cooling (Equip.)	res_hvac_ann_53	res_hvac_ann_54	res_cooling_ts_0	res_cooling_ts_2	res	none	ASHP, ESTAR	none	ASHP, ESTAR
(R) ESTAR HP TS (Resist. Heat, No Cool)	Heating (Equip.)	res_hvac_ann_53	res_hvac_ann_54	res_heating_ts_1	res_heating_ts_3	res	ER	ASHP, ESTAR	ER	ASHP, ESTAR
(R) ESTAR HP TS (Resist.)	Cooling (Equip.)	res_hvac_ann_1	res_hvac_ann_2	res_cooling_ts_1	res_cooling_ts_2	res	AC	ASHP, ESTAR	AC	ASHP, ESTAR
(R) ESTAR HP TS (Resist.)	Heating (Equip.)	res_hvac_ann_1	res_hvac_ann_2	res_heating_ts_1	res_heating_ts_3	res	ER	ASHP, ESTAR	ER	ASHP, ESTAR
(R) ESTAR HPWH TS	Water Heating	res_wh_ann_3	res_wh_ann_4	res_wh_ts_2	res_wh_ts_3	res	Water heater, resistance	Water heater, ESTAR HP	Water heater, resistance	Water heater, ESTAR HP
(R) Induction Range FS	Cooking	res_cook_ann_1	res_cook_ann_2	res_cook_ts_1	res_cook_ts_2	res	Range, fossil	Range, induction	Range, fossil	Range, electric
(R) Min. Efficiency ASHP FS (NG Furnace)	Cooling (Equip.)	res_hvac_ann_10	res_hvac_ann_11	res_cooling_ts_1	res_cooling_ts_2	res	AC	ASHP, minimum efficiency	AC	ASHP, minimum efficiency
(R) Min. Efficiency ASHP FS (NG Furnace)	Heating (Equip.)	res_hvac_ann_10	res_hvac_ann_11	res_heating_ts_2	res_heating_ts_3	res	fossil	ASHP, minimum efficiency	fossil	ASHP, minimum efficiency
(R) Min. Efficiency ASHP FS (Other Fossil Furnace)	Cooling (Equip.)	res_hvac_ann_21	res_hvac_ann_22	res_cooling_ts_1	res_cooling_ts_2	res	AC	ASHP, minimum efficiency	AC	ASHP, minimum efficiency
(R) Min. Efficiency ASHP FS (Other Fossil Furnace)	Heating (Equip.)	res_hvac_ann_21	res_hvac_ann_22	res_heating_ts_2	res_heating_ts_3	res	fossil	ASHP, minimum efficiency	fossil	ASHP, minimum efficiency
(R) Min. Efficiency ASHP FS (Other Fossil Heat, No Cool)	Cooling (Equip.)	res_hvac_ann_73	res_hvac_ann_74	res_cooling_ts_0	res_cooling_ts_2	res	none	ASHP, minimum efficiency	none	ASHP, minimum efficiency
(R) Min. Efficiency ASHP FS (Other Fossil Heat, No Cool)	Heating (Equip.)	res_hvac_ann_73	res_hvac_ann_74	res_heating_ts_2	res_heating_ts_3	res	fossil	ASHP, minimum efficiency	fossil	ASHP, minimum efficiency
(R) Min. Efficiency ASHP FS, (NG Heat, No Cool)	Cooling (Equip.)	res_hvac_ann_62	res_hvac_ann_63	res_cooling_ts_0	res_cooling_ts_2	res	none	ASHP, minimum efficiency	none	ASHP, minimum efficiency
(R) Min. Efficiency ASHP FS, (NG Heat, No Cool)	Heating (Equip.)	res_hvac_ann_62	res_hvac_ann_63	res_heating_ts_2	res_heating_ts_3	res	fossil	ASHP, minimum efficiency	fossil	ASHP, minimum efficiency
(R) Min. Efficiency HPWH FS	Water Heating	res_wh_ann_1	res_wh_ann_2	res_wh_ts_1	res_wh_ts_3	res	Water heater, fossil	Water heater, min. efficiency HP	Water heater, fossil	Water heater, min. efficiency HP
(R) Min. Efficiency HPWH TS	Water Heating	res_wh_ann_3	res_wh_ann_4	res_wh_ts_2	res_wh_ts_3	res	Water heater, resistance	Water heater, min. efficiency HP	Water heater, resistance	Water heater, min. efficiency HP
(R) Ref. Case ASHP	Cooling (Equip.)	res_hvac_ann_32	res_hvac_ann_32	res_cooling_ts_2	res_cooling_ts_2	res	ASHP, reference	ASHP, reference	ASHP, reference	ASHP, reference
(R) Ref. Case ASHP	Heating (Equip.)	res_hvac_ann_32	res_hvac_ann_32	res_heating_ts_3	res_heating_ts_3	res	ASHP, reference	ASHP, reference	ASHP, reference	ASHP, reference
(R) Ref. Case Bio or No Heat & AC	Cooling (Equip.)	res_hvac_ann_85	res_hvac_ann_85	res_cooling_ts_1	res_cooling_ts_1	res	AC	AC	AC	AC
(R) Ref. Case Bio or No Heat & AC	Heating (Equip.)	res_hvac_ann_85	res_hvac_ann_85	res_heating_ts_2	res_heating_ts_2	res	fossil	fossil	fossil	fossil
(R) Ref. Case Clothes Washer	Other	res_cw_ann_1	res_cw_ann_1	res_cw_ts_1	res_cw_ts_1	res	Clothes washer	Clothes washer	Clothes washer	Clothes washer
(R) Ref. Case Dishwasher	Other	res_dw_ann_1	res_dw_ann_1	res_dw_ts_1	res_dw_ts_1	res	Dishwasher	Dishwasher	Dishwasher	Dishwasher
(R) Ref. Case Elec. Boiler FS (NG Boiler)	Cooling (Equip.)	res_hvac_ann_10	res_hvac_ann_11	res_cooling_ts_1	res_cooling_ts_1	res	AC	AC	AC	AC
(R) Ref. Case Elec. Boiler FS (NG Boiler)	Heating (Equip.)	res_hvac_ann_10	res_hvac_ann_11	res_heating_ts_2	res_heating_ts_1	res	fossil	Boiler, electric	fossil	Boiler, electric
(R) Ref. Case Elec. Boiler FS (Other Fossil Boiler)	Cooling (Equip.)	res_hvac_ann_21	res_hvac_ann_22	res_cooling_ts_1	res_cooling_ts_1	res	AC	AC	AC	AC
(R) Ref. Case Elec. Boiler FS (Other Fossil Boiler)	Heating (Equip.)	res_hvac_ann_21	res_hvac_ann_22	res_heating_ts_2	res_heating_ts_1	res	fossil	Boiler, electric	fossil	Boiler, electric
(R) Ref. Case Electric Dryer	Other	res_dry_ann_3	res_dry_ann_3	res_dry_ts_2	res_dry_ts_2	res	Dryer, resistance	Dryer, resistance	Dryer, resistance	Dryer, resistance
(R) Ref. Case Electric Other	Other	res_misc_ann_1	res_misc_ann_1	res_gap_ts_1	res_gap_ts_1	res	EIA error	EIA error	Other	Other
(R) Ref. Case Electric Range	Cooking	res_cook_ann_3	res_cook_ann_3	res_cook_ts_2	res_cook_ts_2	res	Range, electric	Range, electric	Range, electric	Range, electric
(R) Ref. Case Electric Range FS	Cooking	res_cook_ann_1	res_cook_ann_2	res_cook_ts_1	res_cook_ts_2	res	Range, fossil	Range, electric	Range, fossil	Range, electric
(R) Ref. Case Electronics	Computers and Electronics	res_misc_ann_1	res_misc_ann_1	res_misc_ts_1	res_misc_ts_1	res	Computers and electronics	Computers and electronics	Computers and electronics	Computers and electronics
(R) Ref. Case Fans and Pumps	Other	res_fanspumps_ann_1	res_fanspumps_ann_1	res_fanspumps_ts_1	res_fanspumps_ts_1	res	Fans and pumps	Fans and pumps	Fans and pumps	Fans and pumps
(R) Ref. Case Fossil Other	Other	res_misc_ann_1	res_misc_ann_1	res_misc_ts_1	res_misc_ts_1	res	Other, fossil	Other, fossil	Other, fossil	Other, fossil
(R) Ref. Case Gas Dryer	Other	res_dry_ann_1	res_dry_ann_1	res_dry_ts_1	res_dry_ts_1	res	Dryer, fossil	Dryer, fossil	Dryer, fossil	Dryer, fossil
(R) Ref. Case Gas Range	Cooking	res_cook_ann_1	res_cook_ann_1	res_cook_ts_1	res_cook_ts_1	res	Range, fossil	Range, fossil	Range, fossil	Range, fossil
(R) Ref. Case Gas WH	Water Heating	res_wh_ann_1	res_wh_ann_1	res_wh_ts_1	res_wh_ts_1	res	Water heater, fossil	Water heater, fossil	Water heater, fossil	Water heater, fossil
(R) Ref. Case GSHP	Cooling (Equip.)	res_hvac_ann_32	res_hvac_ann_32	res_cooling_ts_5	res_cooling_ts_5	res	AC	GSHP	AC	GSHP
(R) Ref. Case GSHP	Heating (Equip.)	res_hvac_ann_32	res_hvac_ann_32	res_heating_ts_7	res_heating_ts_7	res	GSHP	GSHP	GSHP	GSHP
(R) Ref. Case Lighting	Lighting	res_light_ann_1	res_light_ann_1	res_light_ts_1	res_light_ts_1	res	Lighting	Lighting	Lighting	Lighting
(R) Ref. Case Misc. Electric Appliances	Other	res_misc_ann_1	res_misc_ann_1	res_misc_ts_1	res_misc_ts_1	res	Misc. electric appliances	Misc. electric appliances	Misc. electric appliances	Misc. electric appliances
(R) Ref. Case Misc. Electric Appliances	Refrigeration	res_refrig_ann_1	res_refrig_ann_1	res_refrig_ts_1	res_refrig_ts_1	res	Refrigeration	Refrigeration	Refrigeration	Refrigeration
(R) Ref. Case NG Boiler & AC	Cooling (Equip.)	res_hvac_ann_10	res_hvac_ann_10	res_cooling_ts_1	res_cooling_ts_1	res	AC	AC	AC	AC
(R) Ref. Case NG Boiler & AC	Heating (Equip.)	res_hvac_ann_10	res_hvac_ann_10	res_heating_ts_2	res_heating_ts_2	res	fossil	fossil	fossil	fossil
(R) Ref. Case NG Furnace & AC	Cooling (Equip.)	res_hvac_ann_10	res_hvac_ann_10	res_cooling_ts_1	res_cooling_ts_1	res	AC	AC	AC	AC
(R) Ref. Case NG Furnace & AC	Heating (Equip.)	res_hvac_ann_10	res_hvac_ann_10	res_heating_ts_2	res_heating_ts_2	res	fossil	fossil	fossil	fossil
(R) Ref. Case NG Heat, No Cooling	Cooling (Equip.)	res_hvac_ann_62	res_hvac_ann_62	res_cooling_ts_0	res_cooling_ts_0	res	none	none	none	none
(R) Ref. Case NG Heat, No Cooling	Heating (Equip.)	res_hvac_ann_62	res_hvac_ann_62	res_heating_ts_2	res_heating_ts_2	res	fossil	fossil	fossil	fossil
(R) Ref. Case NGHP	Cooling (Equip.)	res_hvac_ann_10	res_hvac_ann_10	res_cooling_ts_1	res_cooling_ts_1	res	NGHP	NGHP	NGHP	NGHP
(R) Ref. Case NGHP	Heating (Equip.)	res_hvac_ann_10	res_hvac_ann_10	res_heating_ts_2	res_heating_ts_2	res	NGHP	NGHP	NGHP	NGHP
(R) Ref. Case Other Fossil Boiler & AC	Cooling (Equip.)	res_hvac_ann_21	res_hvac_ann_21	res_cooling_ts_1	res_cooling_ts_1	res	AC	AC	AC	AC
(R) Ref. Case Other Fossil Boiler & AC	Heating (Equip.)	res_hvac_ann_21	res_hvac_ann_21	res_heating_ts_2	res_heating_ts_2	res	fossil	fossil	fossil	fossil
(R) Ref. Case Other Fossil Furnace & AC	Cooling (Equip.)	res_hvac_ann_21	res_hvac_ann_21	res_cooling_ts_1	res_cooling_ts_1	res	AC	AC	AC	AC
(R) Ref. Case Other Fossil Furnace & AC	Heating (Equip.)	res_hvac_ann_21	res_hvac_ann_21	res_heating_ts_2	res_heating_ts_2	res	fossil	fossil	fossil	fossil
(R) Ref. Case Other Fossil Heat, No Cooling	Cooling (Equip.)	res_hvac_ann_73	res_hvac_ann_73	res_cooling_ts_0	res_cooling_ts_1	res	none	none	none	none
(R) Ref. Case Other Fossil Heat, No Cooling	Heating (Equip.)	res_hvac_ann_73	res_hvac_ann_73	res_heating_ts_2	res_heating_ts_2	res	fossil	fossil	fossil	fossil
(R) Ref. Case Pool Pumps	Other	res_pp_ann_1	res_pp_ann_1	res_pp_ts_1	res_pp_ts_1	res	Pool pump	Pool pump	Pool pump	Pool pump
(R) Ref. Case Refrigerator	Refrigeration	res_refrig_ann_1	res_refrig_ann_1	res_refrig_ts_1	res_refrig_ts_1	res	Refrigeration	Refrigeration	Refrigeration	Refrigeration
(R) Ref. Case Resist. Heat & AC	Cooling (Equip.)	res_hvac_ann_1	res_hvac_ann_1	res_cooling_ts_1	res_cooling_ts_1	res	AC	AC	AC	AC
(R) Ref. Case Resist. Heat & AC	Heating (Equip.)	res_hvac_ann_1	res_hvac_ann_1	res_heating_ts_1	res_heating_ts_1	res	ER	ER	ER	ER
(R) Ref. Case Resist. Heat & AC (TS)	Cooling (Equip.)	res_hvac_ann_1	res_hvac_ann_1	res_cooling_ts_1	res_cooling_ts_1	res	AC	AC	AC	AC
(R) Ref. Case Resist. Heat & AC (TS)	Heating (Equip.)	res_hvac_ann_1	res_hvac_ann_1	res_heating_ts_1	res_heating_ts_1	res	ER	ER	ER	ER
(R) Ref. Case Resist. Heat, No Cooling	Cooling (Equip.)	res_hvac_ann_53	res_hvac_ann_53	res_cooling_ts_0	res_cooling_ts_0	res	none	none	none	none
(R) Ref. Case Resist. Heat, No Cooling	Heating (Equip.)	res_hvac_ann_53	res_hvac_ann_53	res_heating_ts_1	res_heating_ts_1	res	ER	ER	ER	ER
(R) Ref. Case Resist. Heat, No Cooling (TS)	Heating (Equip.)	res_hvac_ann_53	res_hvac_ann_53	res_heating_ts_1	res_heating_ts_1	res	ER	ER	ER	ER
(R) Ref. Case Resist. WH	Water Heating	res_wh_ann_3	res_wh_ann_3	res_wh_ts_2	res_wh_ts_2	res	Water heater, resistance	Water heater, resistance	Water heater, resistance	Water heater, resistance
(R) Ref. Case Resist. WH FS	Water Heating	res_wh_ann_1	res_wh_ann_2	res_wh_ts_1	res_wh_ts_2	res	Water heater, fossil	Water heater, resistance	Water heater, fossil	Water heater, resistance
(R) Ref. Case Resist. WH TS	Water Heating	res_wh_ann_3	res_wh_ann_3	res_wh_ts_2	res_wh_ts_2	res	Water heater, resistance	Water heater, resistance	Water heater, resistance	Water heater, resistance
(R) Ref. Case Scnd. Elec. Heat & Env.	Heating (Equip.)	res_hvac_ann_52	res_hvac_ann_86	res_heating_ts_1	res_heating_ts_13	res	Secondary heating	Secondary heating with env	Secondary heating	Secondary heating
(R) Ref. Case Scnd. Elec. Heat & Env.+	Heating (Equip.)	res_hvac_ann_52	res_hvac_ann_86	res_heating_ts_1	res_heating_ts_13	res	Secondary heating	Secondary heating with env +	Secondary heating	Secondary heating
(R) Ref. Case Scnd. Elec. Heat & Env.++	Heating (Equip.)	res_hvac_ann_52	res_hvac_ann_86	res_heating_ts_1	res_heating_ts_13	res	Secondary heating	Secondary heating with env ++	Secondary heating	Secondary heating
(R) Ref. Case Scnd. Fossil Heat FS & Env.	Heating (Equip.)	res_hvac_ann_84	res_hvac_ann_84	res_heating_ts_2	res_heating_ts_1	res	fossil	Secondary heating with env	fossil	Secondary heating
(R) Ref. Case Scnd. Fossil Heat FS & Env.+	Heating (Equip.)	res_hvac_ann_84	res_hvac_ann_84	res_heating_ts_2	res_heating_ts_13	res	fossil	Secondary heating with env +	fossil	Secondary heating
(R) Ref. Case Scnd. Fossil Heat FS & Env.++	Heating (Equip.)	res_hvac_ann_84	res_hvac_ann_84	res_heating_ts_2	res_heating_ts_13	res	fossil	Secondary heating with env ++	fossil	Secondary heating
(R) Ref. Case Secondary Electric Heating	Heating (Equip.)	res_hvac_ann_52	res_hvac_ann_52	res_heating_ts_1	res_heating_ts_1	res	Secondary heating	Secondary heating	Secondary heating	Secondary heating
(R) Ref. Case Secondary Fossil Heating	Heating (Equip.)	res_hvac_ann_84	res_hvac_ann_84	res_heating_ts_2	res_heating_ts_2	res	fossil	fossil	fossil	fossil
(R) Brk. HPWH FS	Water Heating	res_wh_ann_1	res_wh_ann_2	res_wh_ts_1	res_wh_ts_3	res	Water heater, fossil	Water heater, breakthrough HP	Water heater, fossil	Water heater, breakthrough HP
(R) Ref. Case Electric Dryer FS	Other	res_dry_ann_1	res_dry_ann_2	res_dry_ts_1	res_dry_ts_3	res	Dryer, fossil	Dryer, resistance	Dryer, fossil	Dryer, resistance
(C) Building Codes	Computers and Electronics	com_misc_ann_1	com_misc_ann_1	com_misc_ts_1	com_misc_ts_1	com	Computers and electronics	Computers and electronics, codes	Computers and electronics	Computers and electronics, codes and BPS
(C) Building Performance Standards	Computers and Electronics	com_misc_ann_1	com_misc_ann_1	com_misc_ts_1	com_misc_ts_1	com	Computers and electronics	Computers and electronics, BPS	Computers and electronics	Computers and electronics, codes and BPS
(C) Building Codes	Cooling (Equip.)	com_hvac_ann_43	com_hvac_ann_43	com_cooling_ts_10	com_cooling_ts_10	com	Cooling	Cooling, codes	Cooling	Cooling, codes and BPS
(C) Building Performance Standards	Cooling (Equip.)	com_hvac_ann_43	com_hvac_ann_43	com_cooling_ts_10	com_cooling_ts_10	com	Cooling	Cooling, BPS	Cooling	Cooling, codes and BPS
(C) Building Codes	Heating (Equip.)	com_hvac_ann_42	com_hvac_ann_42	com_heating_ts_10	com_heating_ts_10	com	Heating	Heating, codes	Heating	Heating, codes and BPS
(C) Building Performance Standards	Heating (Equip.)	com_hvac_ann_42	com_hvac_ann_42	com_heating_ts_10	com_heating_ts_10	com	Heating	Heating, BPS	Heating	Heating, codes and BPS
(C) Building Codes	Lighting	com_light_ann_1	com_light_ann_1	com_light_ts_1	com_light_ts_1	com	Lighting	Lighting, codes	Lighting	Lighting, codes and BPS
(C) Building Performance Standards	Lighting	com_light_ann_1	com_light_ann_1	com_light_ts_1	com_light_ts_1	com	Lighting	Lighting, BPS	Lighting	Lighting, codes and BPS
(C) Building Codes	Other	com_misc_ann_1	com_misc_ann_1	com_misc_ts_1	com_misc_ts_1	com	Other	Other, codes	Other	Other, codes and BPS
(C) Building Performance Standards	Other	com_misc_ann_1	com_misc_ann_1	com_misc_ts_1	com_misc_ts_1	com	Other	Other, BPS	Other	Other, codes and BPS
(C) Building Codes	Refrigeration	com_refrig_ann_1	com_refrig_ann_1	com_refrig_ts_1	com_refrig_ts_1	com	Refrigeration	Refrigeration, codes	Refrigeration	Refrigeration, codes and BPS
(C) Building Performance Standards	Refrigeration	com_refrig_ann_1	com_refrig_ann_1	com_refrig_ts_1	com_refrig_ts_1	com	Refrigeration	Refrigeration, BPS	Refrigeration	Refrigeration, codes and BPS
(C) Building Codes	Ventilation	com_hvac_ann_41	com_hvac_ann_41	com_ventilation_11	com_ventilation_11	com	Ventilation	Ventilation, codes	Ventilation	Ventilation, codes and BPS
(C) Building Performance Standards	Ventilation	com_hvac_ann_41	com_hvac_ann_41	com_ventilation_11	com_ventilation_11	com	Ventilation	Ventilation, BPS	Ventilation	Ventilation, codes and BPS
(C) Building Codes	Water Heating	com_wh_ann_2	com_wh_ann_2	com_wh_ts_1	com_wh_ts_1	com	Water heater	Water heater, codes	Water heater	Water heater, codes and BPS
(C) Building Performance Standards	Water Heating	com_wh_ann_2	com_wh_ann_2	com_wh_ts_1	com_wh_ts_1	com	Water heater	Water heater, BPS	Water heater	Water heater, codes and BPS
(C) Building Codes	Cooking	com_cook_ann_2	com_cook_ann_2	com_cook_ts_1	com_cook_ts_1	com	Cooking	Cooking, codes	Cooking	Cooking, codes and BPS
(C) Building Performance Standards	Cooking	com_cook_ann_2	com_cook_ann_2	com_cook_ts_1	com_cook_ts_1	com	Cooking	Cooking, codes	Cooking	Cooking, codes and BPS
(R) Building Codes	Computers and Electronics	res_misc_ann_1	res_misc_ann_1	res_misc_ts_1	res_misc_ts_1	res	Computers and electronics	Computers and electronics, codes	Computers and electronics	Computers and electronics, codes and BPS
(R) Building Performance Standards	Computers and Electronics	res_misc_ann_1	res_misc_ann_1	res_misc_ts_1	res_misc_ts_1	res	Computers and electronics	Computers and electronics, BPS	Computers and electronics	Computers and electronics, codes and BPS
(R) Building Codes	Cooling (Equip.)	res_hvac_ann_87	res_hvac_ann_87	res_cooling_ts_6	res_cooling_ts_6	res	Cooling	Cooling, codes	Cooling	Cooling, codes and BPS
(R) Building Performance Standards	Cooling (Equip.)	res_hvac_ann_87	res_hvac_ann_87	res_cooling_ts_6	res_cooling_ts_6	res	Cooling	Cooling, BPS	Cooling	Cooling, codes and BPS
(R) Building Codes	Heating (Equip.)	res_hvac_ann_86	res_hvac_ann_86	res_heating_ts_8	res_heating_ts_8	res	Heating	Heating, codes	Heating	Heating, codes and BPS
(R) Building Performance Standards	Heating (Equip.)	res_hvac_ann_86	res_hvac_ann_86	res_heating_ts_8	res_heating_ts_8	res	Heating	Heating, BPS	Heating	Heating, codes and BPS
(R) Building Codes	Lighting	res_light_ann_1	res_light_ann_1	res_light_ts_1	res_light_ts_1	res	Lighting	Lighting, codes	Lighting	Lighting, codes and BPS
(R) Building Performance Standards	Lighting	res_light_ann_1	res_light_ann_1	res_light_ts_1	res_light_ts_1	res	Lighting	Lighting, BPS	Lighting	Lighting, codes and BPS
(R) Building Codes	Other	res_misc_ann_1	res_misc_ann_1	res_misc_ts_1	res_misc_ts_1	res	Other	Other, codes	Other	Other, codes and BPS
(R) Building Performance Standards	Other	res_misc_ann_1	res_misc_ann_1	res_misc_ts_1	res_misc_ts_1	res	Other	Other, BPS	Other	Other, codes and BPS
(R) Building Codes	Refrigeration	res_refrig_ann_1	res_refrig_ann_1	res_refrig_ts_1	res_refrig_ts_1	res	Refrigeration	Refrigeration, codes	Refrigeration	Refrigeration, codes and BPS
(R) Building Performance Standards	Refrigeration	res_refrig_ann_1	res_refrig_ann_1	res_refrig_ts_1	res_refrig_ts_1	res	Refrigeration	Refrigeration, BPS	Refrigeration	Refrigeration, codes and BPS
(R) Building Codes	Ventilation	res_fanspumps_ann_1	res_fanspumps_ann_1	res_fanspumps_ts_1	res_fanspumps_ts_1	res	Ventilation	Ventilation, codes	Ventilation	Ventilation, codes and BPS
(R) Building Performance Standards	Ventilation	res_fanspumps_ann_1	res_fanspumps_ann_1	res_fanspumps_ts_1	res_fanspumps_ts_1	res	Ventilation	Ventilation, BPS	Ventilation	Ventilation, codes and BPS
(R) Building Codes	Water Heating	res_wh_ann_6	res_wh_ann_6	res_wh_ts_3	res_wh_ts_3	res	Water heater	Water heater, codes	Water heater	Water heater, codes and BPS
(R) Building Performance Standards	Water Heating	res_wh_ann_6	res_wh_ann_6	res_wh_ts_3	res_wh_ts_3	res	Water heater	Water heater, BPS	Water heater	Water heater, codes and BPS
(R) Building Codes	Cooking	res_cook_ann_3	res_cook_ann_3	res_cook_ts_2	res_cook_ts_2	res	Cooking	Cooking, codes	Cooking	Cooking, codes and BPS
(R) Building Performance Standards	Cooking	res_cook_ann_3	res_cook_ann_3	res_cook_ts_2	res_cook_ts_2	res	Cooking	Cooking, codes	Cooking	Cooking, codes and BPS
(R) Bst. HP Pt. FS (NG Frn.) & Env.+	Cooling (Equip.)	res_hvac_ann_10	res_hvac_ann_19	res_cooling_ts_1	res_cooling_ts_8	res	AC	ASHP, best with fossil backup and env +	AC	ASHP, best with fossil backup
(R) Bst. HP Pt. FS (NG Frn.) & Env.+	Heating (Equip.)	res_hvac_ann_10	res_hvac_ann_19	res_heating_ts_2	res_heating_ts_11	res	fossil	ASHP, best with fossil backup and env +	fossil	ASHP, best with fossil backup
(C) Best NG Boiler & Chiller	Cooling (Equip.)	com_hvac_ann_9	com_hvac_ann_9	com_cooling_ts_9	com_cooling_ts_9	com	NG boiler + RTAC or chiller	NG boiler + RTAC or chiller, best	RTAC or chiller	RTAC or chiller, best
(C) Best NG Boiler & Chiller	Heating (Equip.)	com_hvac_ann_9	com_hvac_ann_9	com_heating_ts_9	com_heating_ts_9	com	NG boiler + RTAC or chiller	NG boiler + RTAC or chiller, best	fossil	fossil
(C) Best NG Boiler & Chiller	Ventilation	com_hvac_ann_9	com_hvac_ann_9	com_ventilation_4	com_ventilation_4	com	NG boiler + RTAC or chiller	NG boiler + RTAC or chiller, best	RTAC or chiller	RTAC or chiller, best
(C) Bst. HP FS (NG Boiler) & Env.++	Cooling (Equip.)	com_hvac_ann_9	com_hvac_ann_40	com_cooling_ts_9	com_cooling_ts_11	com	NG boiler + RTAC or chiller	Boiler, best HP with env ++	RTAC or chiller	Boiler, best HP
(C) Bst. HP FS (NG Boiler) & Env.++	Heating (Equip.)	com_hvac_ann_9	com_hvac_ann_40	com_heating_ts_9	com_heating_ts_11	com	NG boiler + RTAC or chiller	Boiler, best HP with env ++	fossil	Boiler, best HP
(C) Bst. HP FS (NG Boiler) & Env.++	Ventilation	com_hvac_ann_9	com_hvac_ann_40	com_ventilation_4	com_ventilation_10	com	NG boiler + RTAC or chiller	Boiler, best HP with env ++	RTAC or chiller	Boiler, best HP
(R) Best 120V HP Dryer TS	Other	res_dry_ann_3	res_dry_ann_4	res_dry_ts_2	res_dry_ts_3	res	Dryer, resistance	Dryer, best HP 120V	Dryer, resistance	Dryer, best HP
(C) Bst. HP FS (RTU, NG Ht.) & Env.++	Cooling (Equip.)	com_hvac_ann_16	com_hvac_ann_39	com_cooling_ts_9	com_cooling_ts_10	com	NG RTU + RTAC or chiller	ASHP, best with env ++	RTAC or chiller	ASHP, best
(C) Bst. HP FS (RTU, NG Ht.) & Env.++	Heating (Equip.)	com_hvac_ann_16	com_hvac_ann_39	com_heating_ts_8	com_heating_ts_10	com	NG RTU + RTAC or chiller	ASHP, best with env ++	fossil	ASHP, best
(C) Bst. HP FS (RTU, NG Ht.) & Env.++	Ventilation	com_hvac_ann_16	com_hvac_ann_39	com_ventilation_5	com_ventilation_9	com	NG RTU + RTAC or chiller	ASHP, best with env ++	RTAC or chiller	ASHP, best
(R) Ref. NG Furnace & AC & Env.++	Cooling (Equip.)	res_hvac_ann_10	res_hvac_ann_16	res_cooling_ts_1	res_cooling_ts_6	res	AC	AC with env ++	AC	AC
(R) Ref. NG Furnace & AC & Env.++	Heating (Equip.)	res_hvac_ann_10	res_hvac_ann_16	res_heating_ts_2	res_heating_ts_2	res	fossil	fossil with env ++	fossil	fossil
(R) Best 120V HP Dryer FS	Other	res_dry_ann_1	res_dry_ann_2	res_dry_ts_1	res_dry_ts_3	res	Dryer, fossil	Dryer, best HP 120V	Dryer, fossil	Dryer, best HP
(R) Best Gas WH	Water Heating	res_wh_ann_1	res_wh_ann_1	res_wh_ts_1	res_wh_ts_1	res	Water heater, fossil	Water heater, fossil	Water heater, fossil	Water heater, fossil
(R) Ref. NG Furnace & AC & Env.	Cooling (Equip.)	res_hvac_ann_10	res_hvac_ann_16	res_cooling_ts_1	res_cooling_ts_6	res	AC	AC with env	AC	AC
(R) Ref. NG Furnace & AC & Env.	Heating (Equip.)	res_hvac_ann_10	res_hvac_ann_16	res_heating_ts_2	res_heating_ts_2	res	fossil	fossil with env	fossil	fossil
(R) Best NG Furnace & AC	Cooling (Equip.)	res_hvac_ann_10	res_hvac_ann_12	res_cooling_ts_1	res_cooling_ts_3	res	AC	AC, best	AC	AC
(R) Best NG Furnace & AC	Heating (Equip.)	res_hvac_ann_10	res_hvac_ann_12	res_heating_ts_2	res_heating_ts_2	res	fossil	fossil	fossil	fossil
(R) Best NG Heat, No Cooling	Cooling (Equip.)	res_hvac_ann_62	res_hvac_ann_62	res_cooling_ts_0	res_cooling_ts_0	res	none	none	none	none
(R) Best NG Heat, No Cooling	Heating (Equip.)	res_hvac_ann_62	res_hvac_ann_62	res_heating_ts_2	res_heating_ts_2	res	fossil	fossil, best	fossil	fossil
(R) Bst. HP Pt. FS (Oth. Fs. Frn.) & Env.+	Cooling (Equip.)	res_hvac_ann_21	res_hvac_ann_30	res_cooling_ts_1	res_cooling_ts_8	res	AC	ASHP, best with fossil backup and env +	AC	ASHP, best with fossil backup
(R) Bst. HP Pt. FS (Oth. Fs. Frn.) & Env.+	Heating (Equip.)	res_hvac_ann_21	res_hvac_ann_30	res_heating_ts_2	res_heating_ts_11	res	fossil	ASHP, best with fossil backup and env +	fossil	ASHP, best with fossil backup
(R) Ref. NG Furnace & AC & Env.+	Cooling (Equip.)	res_hvac_ann_10	res_hvac_ann_16	res_cooling_ts_1	res_cooling_ts_6	res	AC	AC with env +	AC	AC
(R) Ref. NG Furnace & AC & Env.+	Heating (Equip.)	res_hvac_ann_10	res_hvac_ann_16	res_heating_ts_2	res_heating_ts_2	res	fossil	fossil with env +	fossil	fossil
Gap	Gap	com_gap_ann_1	com_gap_ann_1	com_gap_ts_1	com_gap_ts_1	com	Gap	Gap	Gap	Gap
Gap	Cooling (Equip.)	com_gap_ann_1	com_gap_ann_1	com_gap_ts_1	com_gap_ts_1	com	Cooling, gap	Cooling, gap	Cooling, gap	Cooling, gap
Gap	Heating (Equip.)	com_gap_ann_1	com_gap_ann_1	com_gap_ts_1	com_gap_ts_1	com	Heating, gap	Heating, gap	Heating, gap	Heating, gap
Gap	Ventilation	com_gap_ann_1	com_gap_ann_1	com_gap_ts_1	com_gap_ts_1	com	Ventilation, gap	Ventilation, gap	Ventilation, gap	Ventilation, gap
Gap	Water Heating	com_gap_ann_1	com_gap_ann_1	com_gap_ts_1	com_gap_ts_1	com	Water heater, gap	Water heater, gap	Water heater, gap	Water heater, gap
Gap	Computers and Electronics	com_gap_ann_1	com_gap_ann_1	com_gap_ts_1	com_gap_ts_1	com	Computers and electronics, gap	Computers and electronics, gap	Computers and electronics, gap	Computers and electronics, gap
Gap	Lighting	com_gap_ann_1	com_gap_ann_1	com_gap_ts_1	com_gap_ts_1	com	Lighting, gap	Lighting, gap	Lighting, gap	Lighting, gap
Gap	Other	com_gap_ann_1	com_gap_ann_1	com_gap_ts_1	com_gap_ts_1	com	Other, gap	Other, gap	Other, gap	Other, gap
Gap	Refrigeration	com_gap_ann_1	com_gap_ann_1	com_gap_ts_1	com_gap_ts_1	com	Refrigeration, gap	Refrigeration, gap	Refrigeration, gap	Refrigeration, gap
Gap	Cooking	com_gap_ann_1	com_gap_ann_1	com_gap_ts_1	com_gap_ts_1	com	Cooking, gap	Cooking, gap	Cooking, gap	Cooking, gap