year,in.census_division,ratio,in.state
2024,New England,1.12492278,CT
2024,New England,1.12492278,MA
2024,New England,1.12492278,RI
2024,New England,1.12492278,NH
2024,New England,1.12492278,ME
2024,New England,1.12492278,VT
2024,Middle Atlantic,1.108248821,NY
2024,Middle Atlantic,1.108248821,PA
2024,Middle Atlantic,1.108248821,NJ
2024,East North Central,1.08926585,OH
2024,East North Central,1.08926585,IN
2024,East North Central,1.08926585,MI
2024,East North Central,1.08926585,IL
2024,East North Central,1.08926585,WI
2024,West North Central,1.100327143,MO
2024,West North Central,1.100327143,MN
2024,West North Central,1.100327143,KS
2024,West North Central,1.100327143,IA
2024,West North Central,1.100327143,NE
2024,West North Central,1.100327143,ND
2024,West North Central,1.100327143,SD
2024,South Atlantic,1.772030898,FL
2024,South Atlantic,1.772030898,VA
2024,South Atlantic,1.772030898,MD
2024,South Atlantic,1.772030898,NC
2024,South Atlantic,1.772030898,GA
2024,South Atlantic,1.772030898,WV
2024,South Atlantic,1.772030898,SC
2024,South Atlantic,1.772030898,DE
2024,South Atlantic,1.772030898,DC
2024,East South Central,1.80311644,AL
2024,East South Central,1.80311644,TN
2024,East South Central,1.80311644,MS
2024,East South Central,1.80311644,KY
2024,West South Central,1.270093036,TX
2024,West South Central,1.270093036,LA
2024,West South Central,1.270093036,AR
2024,West South Central,1.270093036,OK
2024,Mountain,1.254520447,ID
2024,Mountain,1.254520447,CO
2024,Mountain,1.254520447,AZ
2024,Mountain,1.254520447,NM
2024,Mountain,1.254520447,NV
2024,Mountain,1.254520447,MT
2024,Mountain,1.254520447,WY
2024,Mountain,1.254520447,UT
2024,Pacific,1.064519214,CA
2024,Pacific,1.064519214,WA
2024,Pacific,1.064519214,OR
2025,New England,1.132569836,CT
2025,New England,1.132569836,MA
2025,New England,1.132569836,RI
2025,New England,1.132569836,NH
2025,New England,1.132569836,ME
2025,New England,1.132569836,VT
2025,Middle Atlantic,1.108059054,NY
2025,Middle Atlantic,1.108059054,PA
2025,Middle Atlantic,1.108059054,NJ
2025,East North Central,1.088929252,OH
2025,East North Central,1.088929252,IN
2025,East North Central,1.088929252,MI
2025,East North Central,1.088929252,IL
2025,East North Central,1.088929252,WI
2025,West North Central,1.100295046,MO
2025,West North Central,1.100295046,MN
2025,West North Central,1.100295046,KS
2025,West North Central,1.100295046,IA
2025,West North Central,1.100295046,NE
2025,West North Central,1.100295046,ND
2025,West North Central,1.100295046,SD
2025,South Atlantic,1.780377142,FL
2025,South Atlantic,1.780377142,VA
2025,South Atlantic,1.780377142,MD
2025,South Atlantic,1.780377142,NC
2025,South Atlantic,1.780377142,GA
2025,South Atlantic,1.780377142,WV
2025,South Atlantic,1.780377142,SC
2025,South Atlantic,1.780377142,DE
2025,South Atlantic,1.780377142,DC
2025,East South Central,1.805645065,AL
2025,East South Central,1.805645065,TN
2025,East South Central,1.805645065,MS
2025,East South Central,1.805645065,KY
2025,West South Central,1.275830043,TX
2025,West South Central,1.275830043,LA
2025,West South Central,1.275830043,AR
2025,West South Central,1.275830043,OK
2025,Mountain,1.254515071,ID
2025,Mountain,1.254515071,CO
2025,Mountain,1.254515071,AZ
2025,Mountain,1.254515071,NM
2025,Mountain,1.254515071,NV
2025,Mountain,1.254515071,MT
2025,Mountain,1.254515071,WY
2025,Mountain,1.254515071,UT
2025,Pacific,1.064477519,CA
2025,Pacific,1.064477519,WA
2025,Pacific,1.064477519,OR
2026,New England,1.13997685,CT
2026,New England,1.13997685,MA
2026,New England,1.13997685,RI
2026,New England,1.13997685,NH
2026,New England,1.13997685,ME
2026,New England,1.13997685,VT
2026,Middle Atlantic,1.107839389,NY
2026,Middle Atlantic,1.107839389,PA
2026,Middle Atlantic,1.107839389,NJ
2026,East North Central,1.088598692,OH
2026,East North Central,1.088598692,IN
2026,East North Central,1.088598692,MI
2026,East North Central,1.088598692,IL
2026,East North Central,1.088598692,WI
2026,West North Central,1.100235645,MO
2026,West North Central,1.100235645,MN
2026,West North Central,1.100235645,KS
2026,West North Central,1.100235645,IA
2026,West North Central,1.100235645,NE
2026,West North Central,1.100235645,ND
2026,West North Central,1.100235645,SD
2026,South Atlantic,1.788468626,FL
2026,South Atlantic,1.788468626,VA
2026,South Atlantic,1.788468626,MD
2026,South Atlantic,1.788468626,NC
2026,South Atlantic,1.788468626,GA
2026,South Atlantic,1.788468626,WV
2026,South Atlantic,1.788468626,SC
2026,South Atlantic,1.788468626,DE
2026,South Atlantic,1.788468626,DC
2026,East South Central,1.80813255,AL
2026,East South Central,1.80813255,TN
2026,East South Central,1.80813255,MS
2026,East South Central,1.80813255,KY
2026,West South Central,1.281350592,TX
2026,West South Central,1.281350592,LA
2026,West South Central,1.281350592,AR
2026,West South Central,1.281350592,OK
2026,Mountain,1.254516799,ID
2026,Mountain,1.254516799,CO
2026,Mountain,1.254516799,AZ
2026,Mountain,1.254516799,NM
2026,Mountain,1.254516799,NV
2026,Mountain,1.254516799,MT
2026,Mountain,1.254516799,WY
2026,Mountain,1.254516799,UT
2026,Pacific,1.064570242,CA
2026,Pacific,1.064570242,WA
2026,Pacific,1.064570242,OR
2027,New England,1.146591138,CT
2027,New England,1.146591138,MA
2027,New England,1.146591138,RI
2027,New England,1.146591138,NH
2027,New England,1.146591138,ME
2027,New England,1.146591138,VT
2027,Middle Atlantic,1.107489285,NY
2027,Middle Atlantic,1.107489285,PA
2027,Middle Atlantic,1.107489285,NJ
2027,East North Central,1.088215187,OH
2027,East North Central,1.088215187,IN
2027,East North Central,1.088215187,MI
2027,East North Central,1.088215187,IL
2027,East North Central,1.088215187,WI
2027,West North Central,1.100100043,MO
2027,West North Central,1.100100043,MN
2027,West North Central,1.100100043,KS
2027,West North Central,1.100100043,IA
2027,West North Central,1.100100043,NE
2027,West North Central,1.100100043,ND
2027,West North Central,1.100100043,SD
2027,South Atlantic,1.796324768,FL
2027,South Atlantic,1.796324768,VA
2027,South Atlantic,1.796324768,MD
2027,South Atlantic,1.796324768,NC
2027,South Atlantic,1.796324768,GA
2027,South Atlantic,1.796324768,WV
2027,South Atlantic,1.796324768,SC
2027,South Atlantic,1.796324768,DE
2027,South Atlantic,1.796324768,DC
2027,East South Central,1.810614845,AL
2027,East South Central,1.810614845,TN
2027,East South Central,1.810614845,MS
2027,East South Central,1.810614845,KY
2027,West South Central,1.286669061,TX
2027,West South Central,1.286669061,LA
2027,West South Central,1.286669061,AR
2027,West South Central,1.286669061,OK
2027,Mountain,1.254503072,ID
2027,Mountain,1.254503072,CO
2027,Mountain,1.254503072,AZ
2027,Mountain,1.254503072,NM
2027,Mountain,1.254503072,NV
2027,Mountain,1.254503072,MT
2027,Mountain,1.254503072,WY
2027,Mountain,1.254503072,UT
2027,Pacific,1.064630227,CA
2027,Pacific,1.064630227,WA
2027,Pacific,1.064630227,OR
2028,New England,1.152664937,CT
2028,New England,1.152664937,MA
2028,New England,1.152664937,RI
2028,New England,1.152664937,NH
2028,New England,1.152664937,ME
2028,New England,1.152664937,VT
2028,Middle Atlantic,1.107119547,NY
2028,Middle Atlantic,1.107119547,PA
2028,Middle Atlantic,1.107119547,NJ
2028,East North Central,1.087865423,OH
2028,East North Central,1.087865423,IN
2028,East North Central,1.087865423,MI
2028,East North Central,1.087865423,IL
2028,East North Central,1.087865423,WI
2028,West North Central,1.100000054,MO
2028,West North Central,1.100000054,MN
2028,West North Central,1.100000054,KS
2028,West North Central,1.100000054,IA
2028,West North Central,1.100000054,NE
2028,West North Central,1.100000054,ND
2028,West North Central,1.100000054,SD
2028,South Atlantic,1.804044708,FL
2028,South Atlantic,1.804044708,VA
2028,South Atlantic,1.804044708,MD
2028,South Atlantic,1.804044708,NC
2028,South Atlantic,1.804044708,GA
2028,South Atlantic,1.804044708,WV
2028,South Atlantic,1.804044708,SC
2028,South Atlantic,1.804044708,DE
2028,South Atlantic,1.804044708,DC
2028,East South Central,1.813135587,AL
2028,East South Central,1.813135587,TN
2028,East South Central,1.813135587,MS
2028,East South Central,1.813135587,KY
2028,West South Central,1.291835125,TX
2028,West South Central,1.291835125,LA
2028,West South Central,1.291835125,AR
2028,West South Central,1.291835125,OK
2028,Mountain,1.254501732,ID
2028,Mountain,1.254501732,CO
2028,Mountain,1.254501732,AZ
2028,Mountain,1.254501732,NM
2028,Mountain,1.254501732,NV
2028,Mountain,1.254501732,MT
2028,Mountain,1.254501732,WY
2028,Mountain,1.254501732,UT
2028,Pacific,1.064684896,CA
2028,Pacific,1.064684896,WA
2028,Pacific,1.064684896,OR
2029,New England,1.158178902,CT
2029,New England,1.158178902,MA
2029,New England,1.158178902,RI
2029,New England,1.158178902,NH
2029,New England,1.158178902,ME
2029,New England,1.158178902,VT
2029,Middle Atlantic,1.106765132,NY
2029,Middle Atlantic,1.106765132,PA
2029,Middle Atlantic,1.106765132,NJ
2029,East North Central,1.087540351,OH
2029,East North Central,1.087540351,IN
2029,East North Central,1.087540351,MI
2029,East North Central,1.087540351,IL
2029,East North Central,1.087540351,WI
2029,West North Central,1.09992757,MO
2029,West North Central,1.09992757,MN
2029,West North Central,1.09992757,KS
2029,West North Central,1.09992757,IA
2029,West North Central,1.09992757,NE
2029,West North Central,1.09992757,ND
2029,West North Central,1.09992757,SD
2029,South Atlantic,1.811542415,FL
2029,South Atlantic,1.811542415,VA
2029,South Atlantic,1.811542415,MD
2029,South Atlantic,1.811542415,NC
2029,South Atlantic,1.811542415,GA
2029,South Atlantic,1.811542415,WV
2029,South Atlantic,1.811542415,SC
2029,South Atlantic,1.811542415,DE
2029,South Atlantic,1.811542415,DC
2029,East South Central,1.815660539,AL
2029,East South Central,1.815660539,TN
2029,East South Central,1.815660539,MS
2029,East South Central,1.815660539,KY
2029,West South Central,1.296794668,TX
2029,West South Central,1.296794668,LA
2029,West South Central,1.296794668,AR
2029,West South Central,1.296794668,OK
2029,Mountain,1.25449973,ID
2029,Mountain,1.25449973,CO
2029,Mountain,1.25449973,AZ
2029,Mountain,1.25449973,NM
2029,Mountain,1.25449973,NV
2029,Mountain,1.25449973,MT
2029,Mountain,1.25449973,WY
2029,Mountain,1.25449973,UT
2029,Pacific,1.06470319,CA
2029,Pacific,1.06470319,WA
2029,Pacific,1.06470319,OR
2030,New England,1.163213694,CT
2030,New England,1.163213694,MA
2030,New England,1.163213694,RI
2030,New England,1.163213694,NH
2030,New England,1.163213694,ME
2030,New England,1.163213694,VT
2030,Middle Atlantic,1.106384493,NY
2030,Middle Atlantic,1.106384493,PA
2030,Middle Atlantic,1.106384493,NJ
2030,East North Central,1.087255723,OH
2030,East North Central,1.087255723,IN
2030,East North Central,1.087255723,MI
2030,East North Central,1.087255723,IL
2030,East North Central,1.087255723,WI
2030,West North Central,1.099882324,MO
2030,West North Central,1.099882324,MN
2030,West North Central,1.099882324,KS
2030,West North Central,1.099882324,IA
2030,West North Central,1.099882324,NE
2030,West North Central,1.099882324,ND
2030,West North Central,1.099882324,SD
2030,South Atlantic,1.818746842,FL
2030,South Atlantic,1.818746842,VA
2030,South Atlantic,1.818746842,MD
2030,South Atlantic,1.818746842,NC
2030,South Atlantic,1.818746842,GA
2030,South Atlantic,1.818746842,WV
2030,South Atlantic,1.818746842,SC
2030,South Atlantic,1.818746842,DE
2030,South Atlantic,1.818746842,DC
2030,East South Central,1.818157691,AL
2030,East South Central,1.818157691,TN
2030,East South Central,1.818157691,MS
2030,East South Central,1.818157691,KY
2030,West South Central,1.301525271,TX
2030,West South Central,1.301525271,LA
2030,West South Central,1.301525271,AR
2030,West South Central,1.301525271,OK
2030,Mountain,1.254508714,ID
2030,Mountain,1.254508714,CO
2030,Mountain,1.254508714,AZ
2030,Mountain,1.254508714,NM
2030,Mountain,1.254508714,NV
2030,Mountain,1.254508714,MT
2030,Mountain,1.254508714,WY
2030,Mountain,1.254508714,UT
2030,Pacific,1.064736429,CA
2030,Pacific,1.064736429,WA
2030,Pacific,1.064736429,OR
2031,New England,1.168063802,CT
2031,New England,1.168063802,MA
2031,New England,1.168063802,RI
2031,New England,1.168063802,NH
2031,New England,1.168063802,ME
2031,New England,1.168063802,VT
2031,Middle Atlantic,1.106067837,NY
2031,Middle Atlantic,1.106067837,PA
2031,Middle Atlantic,1.106067837,NJ
2031,East North Central,1.087010038,OH
2031,East North Central,1.087010038,IN
2031,East North Central,1.087010038,MI
2031,East North Central,1.087010038,IL
2031,East North Central,1.087010038,WI
2031,West North Central,1.09989104,MO
2031,West North Central,1.09989104,MN
2031,West North Central,1.09989104,KS
2031,West North Central,1.09989104,IA
2031,West North Central,1.09989104,NE
2031,West North Central,1.09989104,ND
2031,West North Central,1.09989104,SD
2031,South Atlantic,1.825717369,FL
2031,South Atlantic,1.825717369,VA
2031,South Atlantic,1.825717369,MD
2031,South Atlantic,1.825717369,NC
2031,South Atlantic,1.825717369,GA
2031,South Atlantic,1.825717369,WV
2031,South Atlantic,1.825717369,SC
2031,South Atlantic,1.825717369,DE
2031,South Atlantic,1.825717369,DC
2031,East South Central,1.82062603,AL
2031,East South Central,1.82062603,TN
2031,East South Central,1.82062603,MS
2031,East South Central,1.82062603,KY
2031,West South Central,1.306060285,TX
2031,West South Central,1.306060285,LA
2031,West South Central,1.306060285,AR
2031,West South Central,1.306060285,OK
2031,Mountain,1.254535971,ID
2031,Mountain,1.254535971,CO
2031,Mountain,1.254535971,AZ
2031,Mountain,1.254535971,NM
2031,Mountain,1.254535971,NV
2031,Mountain,1.254535971,MT
2031,Mountain,1.254535971,WY
2031,Mountain,1.254535971,UT
2031,Pacific,1.064794935,CA
2031,Pacific,1.064794935,WA
2031,Pacific,1.064794935,OR
2032,New England,1.17255981,CT
2032,New England,1.17255981,MA
2032,New England,1.17255981,RI
2032,New England,1.17255981,NH
2032,New England,1.17255981,ME
2032,New England,1.17255981,VT
2032,Middle Atlantic,1.10574249,NY
2032,Middle Atlantic,1.10574249,PA
2032,Middle Atlantic,1.10574249,NJ
2032,East North Central,1.086794491,OH
2032,East North Central,1.086794491,IN
2032,East North Central,1.086794491,MI
2032,East North Central,1.086794491,IL
2032,East North Central,1.086794491,WI
2032,West North Central,1.099933806,MO
2032,West North Central,1.099933806,MN
2032,West North Central,1.099933806,KS
2032,West North Central,1.099933806,IA
2032,West North Central,1.099933806,NE
2032,West North Central,1.099933806,ND
2032,West North Central,1.099933806,SD
2032,South Atlantic,1.832496508,FL
2032,South Atlantic,1.832496508,VA
2032,South Atlantic,1.832496508,MD
2032,South Atlantic,1.832496508,NC
2032,South Atlantic,1.832496508,GA
2032,South Atlantic,1.832496508,WV
2032,South Atlantic,1.832496508,SC
2032,South Atlantic,1.832496508,DE
2032,South Atlantic,1.832496508,DC
2032,East South Central,1.823047665,AL
2032,East South Central,1.823047665,TN
2032,East South Central,1.823047665,MS
2032,East South Central,1.823047665,KY
2032,West South Central,1.310455131,TX
2032,West South Central,1.310455131,LA
2032,West South Central,1.310455131,AR
2032,West South Central,1.310455131,OK
2032,Mountain,1.254581451,ID
2032,Mountain,1.254581451,CO
2032,Mountain,1.254581451,AZ
2032,Mountain,1.254581451,NM
2032,Mountain,1.254581451,NV
2032,Mountain,1.254581451,MT
2032,Mountain,1.254581451,WY
2032,Mountain,1.254581451,UT
2032,Pacific,1.064872685,CA
2032,Pacific,1.064872685,WA
2032,Pacific,1.064872685,OR
2033,New England,1.176851648,CT
2033,New England,1.176851648,MA
2033,New England,1.176851648,RI
2033,New England,1.176851648,NH
2033,New England,1.176851648,ME
2033,New England,1.176851648,VT
2033,Middle Atlantic,1.105444101,NY
2033,Middle Atlantic,1.105444101,PA
2033,Middle Atlantic,1.105444101,NJ
2033,East North Central,1.086609026,OH
2033,East North Central,1.086609026,IN
2033,East North Central,1.086609026,MI
2033,East North Central,1.086609026,IL
2033,East North Central,1.086609026,WI
2033,West North Central,1.100019065,MO
2033,West North Central,1.100019065,MN
2033,West North Central,1.100019065,KS
2033,West North Central,1.100019065,IA
2033,West North Central,1.100019065,NE
2033,West North Central,1.100019065,ND
2033,West North Central,1.100019065,SD
2033,South Atlantic,1.839023987,FL
2033,South Atlantic,1.839023987,VA
2033,South Atlantic,1.839023987,MD
2033,South Atlantic,1.839023987,NC
2033,South Atlantic,1.839023987,GA
2033,South Atlantic,1.839023987,WV
2033,South Atlantic,1.839023987,SC
2033,South Atlantic,1.839023987,DE
2033,South Atlantic,1.839023987,DC
2033,East South Central,1.825361764,AL
2033,East South Central,1.825361764,TN
2033,East South Central,1.825361764,MS
2033,East South Central,1.825361764,KY
2033,West South Central,1.314655795,TX
2033,West South Central,1.314655795,LA
2033,West South Central,1.314655795,AR
2033,West South Central,1.314655795,OK
2033,Mountain,1.254649116,ID
2033,Mountain,1.254649116,CO
2033,Mountain,1.254649116,AZ
2033,Mountain,1.254649116,NM
2033,Mountain,1.254649116,NV
2033,Mountain,1.254649116,MT
2033,Mountain,1.254649116,WY
2033,Mountain,1.254649116,UT
2033,Pacific,1.064959116,CA
2033,Pacific,1.064959116,WA
2033,Pacific,1.064959116,OR
2034,New England,1.180962202,CT
2034,New England,1.180962202,MA
2034,New England,1.180962202,RI
2034,New England,1.180962202,NH
2034,New England,1.180962202,ME
2034,New England,1.180962202,VT
2034,Middle Atlantic,1.105163171,NY
2034,Middle Atlantic,1.105163171,PA
2034,Middle Atlantic,1.105163171,NJ
2034,East North Central,1.08644373,OH
2034,East North Central,1.08644373,IN
2034,East North Central,1.08644373,MI
2034,East North Central,1.08644373,IL
2034,East North Central,1.08644373,WI
2034,West North Central,1.100131362,MO
2034,West North Central,1.100131362,MN
2034,West North Central,1.100131362,KS
2034,West North Central,1.100131362,IA
2034,West North Central,1.100131362,NE
2034,West North Central,1.100131362,ND
2034,West North Central,1.100131362,SD
2034,South Atlantic,1.845275835,FL
2034,South Atlantic,1.845275835,VA
2034,South Atlantic,1.845275835,MD
2034,South Atlantic,1.845275835,NC
2034,South Atlantic,1.845275835,GA
2034,South Atlantic,1.845275835,WV
2034,South Atlantic,1.845275835,SC
2034,South Atlantic,1.845275835,DE
2034,South Atlantic,1.845275835,DC
2034,East South Central,1.827573474,AL
2034,East South Central,1.827573474,TN
2034,East South Central,1.827573474,MS
2034,East South Central,1.827573474,KY
2034,West South Central,1.318641031,TX
2034,West South Central,1.318641031,LA
2034,West South Central,1.318641031,AR
2034,West South Central,1.318641031,OK
2034,Mountain,1.254730774,ID
2034,Mountain,1.254730774,CO
2034,Mountain,1.254730774,AZ
2034,Mountain,1.254730774,NM
2034,Mountain,1.254730774,NV
2034,Mountain,1.254730774,MT
2034,Mountain,1.254730774,WY
2034,Mountain,1.254730774,UT
2034,Pacific,1.065056038,CA
2034,Pacific,1.065056038,WA
2034,Pacific,1.065056038,OR
2035,New England,1.184956399,CT
2035,New England,1.184956399,MA
2035,New England,1.184956399,RI
2035,New England,1.184956399,NH
2035,New England,1.184956399,ME
2035,New England,1.184956399,VT
2035,Middle Atlantic,1.104906096,NY
2035,Middle Atlantic,1.104906096,PA
2035,Middle Atlantic,1.104906096,NJ
2035,East North Central,1.086300156,OH
2035,East North Central,1.086300156,IN
2035,East North Central,1.086300156,MI
2035,East North Central,1.086300156,IL
2035,East North Central,1.086300156,WI
2035,West North Central,1.100280483,MO
2035,West North Central,1.100280483,MN
2035,West North Central,1.100280483,KS
2035,West North Central,1.100280483,IA
2035,West North Central,1.100280483,NE
2035,West North Central,1.100280483,ND
2035,West North Central,1.100280483,SD
2035,South Atlantic,1.851353055,FL
2035,South Atlantic,1.851353055,VA
2035,South Atlantic,1.851353055,MD
2035,South Atlantic,1.851353055,NC
2035,South Atlantic,1.851353055,GA
2035,South Atlantic,1.851353055,WV
2035,South Atlantic,1.851353055,SC
2035,South Atlantic,1.851353055,DE
2035,South Atlantic,1.851353055,DC
2035,East South Central,1.829773067,AL
2035,East South Central,1.829773067,TN
2035,East South Central,1.829773067,MS
2035,East South Central,1.829773067,KY
2035,West South Central,1.322497172,TX
2035,West South Central,1.322497172,LA
2035,West South Central,1.322497172,AR
2035,West South Central,1.322497172,OK
2035,Mountain,1.254820739,ID
2035,Mountain,1.254820739,CO
2035,Mountain,1.254820739,AZ
2035,Mountain,1.254820739,NM
2035,Mountain,1.254820739,NV
2035,Mountain,1.254820739,MT
2035,Mountain,1.254820739,WY
2035,Mountain,1.254820739,UT
2035,Pacific,1.065187813,CA
2035,Pacific,1.065187813,WA
2035,Pacific,1.065187813,OR
2036,New England,1.18880297,CT
2036,New England,1.18880297,MA
2036,New England,1.18880297,RI
2036,New England,1.18880297,NH
2036,New England,1.18880297,ME
2036,New England,1.18880297,VT
2036,Middle Atlantic,1.104696631,NY
2036,Middle Atlantic,1.104696631,PA
2036,Middle Atlantic,1.104696631,NJ
2036,East North Central,1.086191935,OH
2036,East North Central,1.086191935,IN
2036,East North Central,1.086191935,MI
2036,East North Central,1.086191935,IL
2036,East North Central,1.086191935,WI
2036,West North Central,1.10047593,MO
2036,West North Central,1.10047593,MN
2036,West North Central,1.10047593,KS
2036,West North Central,1.10047593,IA
2036,West North Central,1.10047593,NE
2036,West North Central,1.10047593,ND
2036,West North Central,1.10047593,SD
2036,South Atlantic,1.857318843,FL
2036,South Atlantic,1.857318843,VA
2036,South Atlantic,1.857318843,MD
2036,South Atlantic,1.857318843,NC
2036,South Atlantic,1.857318843,GA
2036,South Atlantic,1.857318843,WV
2036,South Atlantic,1.857318843,SC
2036,South Atlantic,1.857318843,DE
2036,South Atlantic,1.857318843,DC
2036,East South Central,1.831958606,AL
2036,East South Central,1.831958606,TN
2036,East South Central,1.831958606,MS
2036,East South Central,1.831958606,KY
2036,West South Central,1.326283982,TX
2036,West South Central,1.326283982,LA
2036,West South Central,1.326283982,AR
2036,West South Central,1.326283982,OK
2036,Mountain,1.254926019,ID
2036,Mountain,1.254926019,CO
2036,Mountain,1.254926019,AZ
2036,Mountain,1.254926019,NM
2036,Mountain,1.254926019,NV
2036,Mountain,1.254926019,MT
2036,Mountain,1.254926019,WY
2036,Mountain,1.254926019,UT
2036,Pacific,1.065390401,CA
2036,Pacific,1.065390401,WA
2036,Pacific,1.065390401,OR
2037,New England,1.192165449,CT
2037,New England,1.192165449,MA
2037,New England,1.192165449,RI
2037,New England,1.192165449,NH
2037,New England,1.192165449,ME
2037,New England,1.192165449,VT
2037,Middle Atlantic,1.104471266,NY
2037,Middle Atlantic,1.104471266,PA
2037,Middle Atlantic,1.104471266,NJ
2037,East North Central,1.086112044,OH
2037,East North Central,1.086112044,IN
2037,East North Central,1.086112044,MI
2037,East North Central,1.086112044,IL
2037,East North Central,1.086112044,WI
2037,West North Central,1.100689459,MO
2037,West North Central,1.100689459,MN
2037,West North Central,1.100689459,KS
2037,West North Central,1.100689459,IA
2037,West North Central,1.100689459,NE
2037,West North Central,1.100689459,ND
2037,West North Central,1.100689459,SD
2037,South Atlantic,1.863075611,FL
2037,South Atlantic,1.863075611,VA
2037,South Atlantic,1.863075611,MD
2037,South Atlantic,1.863075611,NC
2037,South Atlantic,1.863075611,GA
2037,South Atlantic,1.863075611,WV
2037,South Atlantic,1.863075611,SC
2037,South Atlantic,1.863075611,DE
2037,South Atlantic,1.863075611,DC
2037,East South Central,1.834124052,AL
2037,East South Central,1.834124052,TN
2037,East South Central,1.834124052,MS
2037,East South Central,1.834124052,KY
2037,West South Central,1.329999518,TX
2037,West South Central,1.329999518,LA
2037,West South Central,1.329999518,AR
2037,West South Central,1.329999518,OK
2037,Mountain,1.25501917,ID
2037,Mountain,1.25501917,CO
2037,Mountain,1.25501917,AZ
2037,Mountain,1.25501917,NM
2037,Mountain,1.25501917,NV
2037,Mountain,1.25501917,MT
2037,Mountain,1.25501917,WY
2037,Mountain,1.25501917,UT
2037,Pacific,1.065681972,CA
2037,Pacific,1.065681972,WA
2037,Pacific,1.065681972,OR
2038,New England,1.195323356,CT
2038,New England,1.195323356,MA
2038,New England,1.195323356,RI
2038,New England,1.195323356,NH
2038,New England,1.195323356,ME
2038,New England,1.195323356,VT
2038,Middle Atlantic,1.104299886,NY
2038,Middle Atlantic,1.104299886,PA
2038,Middle Atlantic,1.104299886,NJ
2038,East North Central,1.086066374,OH
2038,East North Central,1.086066374,IN
2038,East North Central,1.086066374,MI
2038,East North Central,1.086066374,IL
2038,East North Central,1.086066374,WI
2038,West North Central,1.100945581,MO
2038,West North Central,1.100945581,MN
2038,West North Central,1.100945581,KS
2038,West North Central,1.100945581,IA
2038,West North Central,1.100945581,NE
2038,West North Central,1.100945581,ND
2038,West North Central,1.100945581,SD
2038,South Atlantic,1.868687031,FL
2038,South Atlantic,1.868687031,VA
2038,South Atlantic,1.868687031,MD
2038,South Atlantic,1.868687031,NC
2038,South Atlantic,1.868687031,GA
2038,South Atlantic,1.868687031,WV
2038,South Atlantic,1.868687031,SC
2038,South Atlantic,1.868687031,DE
2038,South Atlantic,1.868687031,DC
2038,East South Central,1.83631249,AL
2038,East South Central,1.83631249,TN
2038,East South Central,1.83631249,MS
2038,East South Central,1.83631249,KY
2038,West South Central,1.333667293,TX
2038,West South Central,1.333667293,LA
2038,West South Central,1.333667293,AR
2038,West South Central,1.333667293,OK
2038,Mountain,1.255124446,ID
2038,Mountain,1.255124446,CO
2038,Mountain,1.255124446,AZ
2038,Mountain,1.255124446,NM
2038,Mountain,1.255124446,NV
2038,Mountain,1.255124446,MT
2038,Mountain,1.255124446,WY
2038,Mountain,1.255124446,UT
2038,Pacific,1.066099327,CA
2038,Pacific,1.066099327,WA
2038,Pacific,1.066099327,OR
2039,New England,1.198365186,CT
2039,New England,1.198365186,MA
2039,New England,1.198365186,RI
2039,New England,1.198365186,NH
2039,New England,1.198365186,ME
2039,New England,1.198365186,VT
2039,Middle Atlantic,1.104100213,NY
2039,Middle Atlantic,1.104100213,PA
2039,Middle Atlantic,1.104100213,NJ
2039,East North Central,1.086010447,OH
2039,East North Central,1.086010447,IN
2039,East North Central,1.086010447,MI
2039,East North Central,1.086010447,IL
2039,East North Central,1.086010447,WI
2039,West North Central,1.10115711,MO
2039,West North Central,1.10115711,MN
2039,West North Central,1.10115711,KS
2039,West North Central,1.10115711,IA
2039,West North Central,1.10115711,NE
2039,West North Central,1.10115711,ND
2039,West North Central,1.10115711,SD
2039,South Atlantic,1.874124594,FL
2039,South Atlantic,1.874124594,VA
2039,South Atlantic,1.874124594,MD
2039,South Atlantic,1.874124594,NC
2039,South Atlantic,1.874124594,GA
2039,South Atlantic,1.874124594,WV
2039,South Atlantic,1.874124594,SC
2039,South Atlantic,1.874124594,DE
2039,South Atlantic,1.874124594,DC
2039,East South Central,1.838417558,AL
2039,East South Central,1.838417558,TN
2039,East South Central,1.838417558,MS
2039,East South Central,1.838417558,KY
2039,West South Central,1.337241972,TX
2039,West South Central,1.337241972,LA
2039,West South Central,1.337241972,AR
2039,West South Central,1.337241972,OK
2039,Mountain,1.255220037,ID
2039,Mountain,1.255220037,CO
2039,Mountain,1.255220037,AZ
2039,Mountain,1.255220037,NM
2039,Mountain,1.255220037,NV
2039,Mountain,1.255220037,MT
2039,Mountain,1.255220037,WY
2039,Mountain,1.255220037,UT
2039,Pacific,1.066473736,CA
2039,Pacific,1.066473736,WA
2039,Pacific,1.066473736,OR
2040,New England,1.201289337,CT
2040,New England,1.201289337,MA
2040,New England,1.201289337,RI
2040,New England,1.201289337,NH
2040,New England,1.201289337,ME
2040,New England,1.201289337,VT
2040,Middle Atlantic,1.103907024,NY
2040,Middle Atlantic,1.103907024,PA
2040,Middle Atlantic,1.103907024,NJ
2040,East North Central,1.085950824,OH
2040,East North Central,1.085950824,IN
2040,East North Central,1.085950824,MI
2040,East North Central,1.085950824,IL
2040,East North Central,1.085950824,WI
2040,West North Central,1.101349143,MO
2040,West North Central,1.101349143,MN
2040,West North Central,1.101349143,KS
2040,West North Central,1.101349143,IA
2040,West North Central,1.101349143,NE
2040,West North Central,1.101349143,ND
2040,West North Central,1.101349143,SD
2040,South Atlantic,1.879477541,FL
2040,South Atlantic,1.879477541,VA
2040,South Atlantic,1.879477541,MD
2040,South Atlantic,1.879477541,NC
2040,South Atlantic,1.879477541,GA
2040,South Atlantic,1.879477541,WV
2040,South Atlantic,1.879477541,SC
2040,South Atlantic,1.879477541,DE
2040,South Atlantic,1.879477541,DC
2040,East South Central,1.840485479,AL
2040,East South Central,1.840485479,TN
2040,East South Central,1.840485479,MS
2040,East South Central,1.840485479,KY
2040,West South Central,1.340764861,TX
2040,West South Central,1.340764861,LA
2040,West South Central,1.340764861,AR
2040,West South Central,1.340764861,OK
2040,Mountain,1.255317031,ID
2040,Mountain,1.255317031,CO
2040,Mountain,1.255317031,AZ
2040,Mountain,1.255317031,NM
2040,Mountain,1.255317031,NV
2040,Mountain,1.255317031,MT
2040,Mountain,1.255317031,WY
2040,Mountain,1.255317031,UT
2040,Pacific,1.06683299,CA
2040,Pacific,1.06683299,WA
2040,Pacific,1.06683299,OR
2041,New England,1.204166844,CT
2041,New England,1.204166844,MA
2041,New England,1.204166844,RI
2041,New England,1.204166844,NH
2041,New England,1.204166844,ME
2041,New England,1.204166844,VT
2041,Middle Atlantic,1.103703616,NY
2041,Middle Atlantic,1.103703616,PA
2041,Middle Atlantic,1.103703616,NJ
2041,East North Central,1.085868767,OH
2041,East North Central,1.085868767,IN
2041,East North Central,1.085868767,MI
2041,East North Central,1.085868767,IL
2041,East North Central,1.085868767,WI
2041,West North Central,1.101500912,MO
2041,West North Central,1.101500912,MN
2041,West North Central,1.101500912,KS
2041,West North Central,1.101500912,IA
2041,West North Central,1.101500912,NE
2041,West North Central,1.101500912,ND
2041,West North Central,1.101500912,SD
2041,South Atlantic,1.88470798,FL
2041,South Atlantic,1.88470798,VA
2041,South Atlantic,1.88470798,MD
2041,South Atlantic,1.88470798,NC
2041,South Atlantic,1.88470798,GA
2041,South Atlantic,1.88470798,WV
2041,South Atlantic,1.88470798,SC
2041,South Atlantic,1.88470798,DE
2041,South Atlantic,1.88470798,DC
2041,East South Central,1.842482843,AL
2041,East South Central,1.842482843,TN
2041,East South Central,1.842482843,MS
2041,East South Central,1.842482843,KY
2041,West South Central,1.34416984,TX
2041,West South Central,1.34416984,LA
2041,West South Central,1.34416984,AR
2041,West South Central,1.34416984,OK
2041,Mountain,1.255366986,ID
2041,Mountain,1.255366986,CO
2041,Mountain,1.255366986,AZ
2041,Mountain,1.255366986,NM
2041,Mountain,1.255366986,NV
2041,Mountain,1.255366986,MT
2041,Mountain,1.255366986,WY
2041,Mountain,1.255366986,UT
2041,Pacific,1.067156362,CA
2041,Pacific,1.067156362,WA
2041,Pacific,1.067156362,OR
2042,New England,1.207576468,CT
2042,New England,1.207576468,MA
2042,New England,1.207576468,RI
2042,New England,1.207576468,NH
2042,New England,1.207576468,ME
2042,New England,1.207576468,VT
2042,Middle Atlantic,1.103581585,NY
2042,Middle Atlantic,1.103581585,PA
2042,Middle Atlantic,1.103581585,NJ
2042,East North Central,1.08581608,OH
2042,East North Central,1.08581608,IN
2042,East North Central,1.08581608,MI
2042,East North Central,1.08581608,IL
2042,East North Central,1.08581608,WI
2042,West North Central,1.101698135,MO
2042,West North Central,1.101698135,MN
2042,West North Central,1.101698135,KS
2042,West North Central,1.101698135,IA
2042,West North Central,1.101698135,NE
2042,West North Central,1.101698135,ND
2042,West North Central,1.101698135,SD
2042,South Atlantic,1.889808691,FL
2042,South Atlantic,1.889808691,VA
2042,South Atlantic,1.889808691,MD
2042,South Atlantic,1.889808691,NC
2042,South Atlantic,1.889808691,GA
2042,South Atlantic,1.889808691,WV
2042,South Atlantic,1.889808691,SC
2042,South Atlantic,1.889808691,DE
2042,South Atlantic,1.889808691,DC
2042,East South Central,1.844408282,AL
2042,East South Central,1.844408282,TN
2042,East South Central,1.844408282,MS
2042,East South Central,1.844408282,KY
2042,West South Central,1.347475852,TX
2042,West South Central,1.347475852,LA
2042,West South Central,1.347475852,AR
2042,West South Central,1.347475852,OK
2042,Mountain,1.255418282,ID
2042,Mountain,1.255418282,CO
2042,Mountain,1.255418282,AZ
2042,Mountain,1.255418282,NM
2042,Mountain,1.255418282,NV
2042,Mountain,1.255418282,MT
2042,Mountain,1.255418282,WY
2042,Mountain,1.255418282,UT
2042,Pacific,1.067479957,CA
2042,Pacific,1.067479957,WA
2042,Pacific,1.067479957,OR
2043,New England,1.21114435,CT
2043,New England,1.21114435,MA
2043,New England,1.21114435,RI
2043,New England,1.21114435,NH
2043,New England,1.21114435,ME
2043,New England,1.21114435,VT
2043,Middle Atlantic,1.103440641,NY
2043,Middle Atlantic,1.103440641,PA
2043,Middle Atlantic,1.103440641,NJ
2043,East North Central,1.085751735,OH
2043,East North Central,1.085751735,IN
2043,East North Central,1.085751735,MI
2043,East North Central,1.085751735,IL
2043,East North Central,1.085751735,WI
2043,West North Central,1.101869712,MO
2043,West North Central,1.101869712,MN
2043,West North Central,1.101869712,KS
2043,West North Central,1.101869712,IA
2043,West North Central,1.101869712,NE
2043,West North Central,1.101869712,ND
2043,West North Central,1.101869712,SD
2043,South Atlantic,1.894774801,FL
2043,South Atlantic,1.894774801,VA
2043,South Atlantic,1.894774801,MD
2043,South Atlantic,1.894774801,NC
2043,South Atlantic,1.894774801,GA
2043,South Atlantic,1.894774801,WV
2043,South Atlantic,1.894774801,SC
2043,South Atlantic,1.894774801,DE
2043,South Atlantic,1.894774801,DC
2043,East South Central,1.846277229,AL
2043,East South Central,1.846277229,TN
2043,East South Central,1.846277229,MS
2043,East South Central,1.846277229,KY
2043,West South Central,1.350679397,TX
2043,West South Central,1.350679397,LA
2043,West South Central,1.350679397,AR
2043,West South Central,1.350679397,OK
2043,Mountain,1.255447759,ID
2043,Mountain,1.255447759,CO
2043,Mountain,1.255447759,AZ
2043,Mountain,1.255447759,NM
2043,Mountain,1.255447759,NV
2043,Mountain,1.255447759,MT
2043,Mountain,1.255447759,WY
2043,Mountain,1.255447759,UT
2043,Pacific,1.067782906,CA
2043,Pacific,1.067782906,WA
2043,Pacific,1.067782906,OR
2044,New England,1.214805307,CT
2044,New England,1.214805307,MA
2044,New England,1.214805307,RI
2044,New England,1.214805307,NH
2044,New England,1.214805307,ME
2044,New England,1.214805307,VT
2044,Middle Atlantic,1.10327177,NY
2044,Middle Atlantic,1.10327177,PA
2044,Middle Atlantic,1.10327177,NJ
2044,East North Central,1.085675366,OH
2044,East North Central,1.085675366,IN
2044,East North Central,1.085675366,MI
2044,East North Central,1.085675366,IL
2044,East North Central,1.085675366,WI
2044,West North Central,1.102015361,MO
2044,West North Central,1.102015361,MN
2044,West North Central,1.102015361,KS
2044,West North Central,1.102015361,IA
2044,West North Central,1.102015361,NE
2044,West North Central,1.102015361,ND
2044,West North Central,1.102015361,SD
2044,South Atlantic,1.899608289,FL
2044,South Atlantic,1.899608289,VA
2044,South Atlantic,1.899608289,MD
2044,South Atlantic,1.899608289,NC
2044,South Atlantic,1.899608289,GA
2044,South Atlantic,1.899608289,WV
2044,South Atlantic,1.899608289,SC
2044,South Atlantic,1.899608289,DE
2044,South Atlantic,1.899608289,DC
2044,East South Central,1.848097464,AL
2044,East South Central,1.848097464,TN
2044,East South Central,1.848097464,MS
2044,East South Central,1.848097464,KY
2044,West South Central,1.353781245,TX
2044,West South Central,1.353781245,LA
2044,West South Central,1.353781245,AR
2044,West South Central,1.353781245,OK
2044,Mountain,1.255449804,ID
2044,Mountain,1.255449804,CO
2044,Mountain,1.255449804,AZ
2044,Mountain,1.255449804,NM
2044,Mountain,1.255449804,NV
2044,Mountain,1.255449804,MT
2044,Mountain,1.255449804,WY
2044,Mountain,1.255449804,UT
2044,Pacific,1.068063318,CA
2044,Pacific,1.068063318,WA
2044,Pacific,1.068063318,OR
2045,New England,1.218515248,CT
2045,New England,1.218515248,MA
2045,New England,1.218515248,RI
2045,New England,1.218515248,NH
2045,New England,1.218515248,ME
2045,New England,1.218515248,VT
2045,Middle Atlantic,1.103104768,NY
2045,Middle Atlantic,1.103104768,PA
2045,Middle Atlantic,1.103104768,NJ
2045,East North Central,1.085590908,OH
2045,East North Central,1.085590908,IN
2045,East North Central,1.085590908,MI
2045,East North Central,1.085590908,IL
2045,East North Central,1.085590908,WI
2045,West North Central,1.102143827,MO
2045,West North Central,1.102143827,MN
2045,West North Central,1.102143827,KS
2045,West North Central,1.102143827,IA
2045,West North Central,1.102143827,NE
2045,West North Central,1.102143827,ND
2045,West North Central,1.102143827,SD
2045,South Atlantic,1.904316159,FL
2045,South Atlantic,1.904316159,VA
2045,South Atlantic,1.904316159,MD
2045,South Atlantic,1.904316159,NC
2045,South Atlantic,1.904316159,GA
2045,South Atlantic,1.904316159,WV
2045,South Atlantic,1.904316159,SC
2045,South Atlantic,1.904316159,DE
2045,South Atlantic,1.904316159,DC
2045,East South Central,1.849880799,AL
2045,East South Central,1.849880799,TN
2045,East South Central,1.849880799,MS
2045,East South Central,1.849880799,KY
2045,West South Central,1.356797311,TX
2045,West South Central,1.356797311,LA
2045,West South Central,1.356797311,AR
2045,West South Central,1.356797311,OK
2045,Mountain,1.255431581,ID
2045,Mountain,1.255431581,CO
2045,Mountain,1.255431581,AZ
2045,Mountain,1.255431581,NM
2045,Mountain,1.255431581,NV
2045,Mountain,1.255431581,MT
2045,Mountain,1.255431581,WY
2045,Mountain,1.255431581,UT
2045,Pacific,1.068333884,CA
2045,Pacific,1.068333884,WA
2045,Pacific,1.068333884,OR
2046,New England,1.222251001,CT
2046,New England,1.222251001,MA
2046,New England,1.222251001,RI
2046,New England,1.222251001,NH
2046,New England,1.222251001,ME
2046,New England,1.222251001,VT
2046,Middle Atlantic,1.102927598,NY
2046,Middle Atlantic,1.102927598,PA
2046,Middle Atlantic,1.102927598,NJ
2046,East North Central,1.085502878,OH
2046,East North Central,1.085502878,IN
2046,East North Central,1.085502878,MI
2046,East North Central,1.085502878,IL
2046,East North Central,1.085502878,WI
2046,West North Central,1.102257992,MO
2046,West North Central,1.102257992,MN
2046,West North Central,1.102257992,KS
2046,West North Central,1.102257992,IA
2046,West North Central,1.102257992,NE
2046,West North Central,1.102257992,ND
2046,West North Central,1.102257992,SD
2046,South Atlantic,1.908891873,FL
2046,South Atlantic,1.908891873,VA
2046,South Atlantic,1.908891873,MD
2046,South Atlantic,1.908891873,NC
2046,South Atlantic,1.908891873,GA
2046,South Atlantic,1.908891873,WV
2046,South Atlantic,1.908891873,SC
2046,South Atlantic,1.908891873,DE
2046,South Atlantic,1.908891873,DC
2046,East South Central,1.85163143,AL
2046,East South Central,1.85163143,TN
2046,East South Central,1.85163143,MS
2046,East South Central,1.85163143,KY
2046,West South Central,1.359728943,TX
2046,West South Central,1.359728943,LA
2046,West South Central,1.359728943,AR
2046,West South Central,1.359728943,OK
2046,Mountain,1.255396684,ID
2046,Mountain,1.255396684,CO
2046,Mountain,1.255396684,AZ
2046,Mountain,1.255396684,NM
2046,Mountain,1.255396684,NV
2046,Mountain,1.255396684,MT
2046,Mountain,1.255396684,WY
2046,Mountain,1.255396684,UT
2046,Pacific,1.06864446,CA
2046,Pacific,1.06864446,WA
2046,Pacific,1.06864446,OR
2047,New England,1.226355865,CT
2047,New England,1.226355865,MA
2047,New England,1.226355865,RI
2047,New England,1.226355865,NH
2047,New England,1.226355865,ME
2047,New England,1.226355865,VT
2047,Middle Atlantic,1.102804803,NY
2047,Middle Atlantic,1.102804803,PA
2047,Middle Atlantic,1.102804803,NJ
2047,East North Central,1.085426238,OH
2047,East North Central,1.085426238,IN
2047,East North Central,1.085426238,MI
2047,East North Central,1.085426238,IL
2047,East North Central,1.085426238,WI
2047,West North Central,1.1023896,MO
2047,West North Central,1.1023896,MN
2047,West North Central,1.1023896,KS
2047,West North Central,1.1023896,IA
2047,West North Central,1.1023896,NE
2047,West North Central,1.1023896,ND
2047,West North Central,1.1023896,SD
2047,South Atlantic,1.913398078,FL
2047,South Atlantic,1.913398078,VA
2047,South Atlantic,1.913398078,MD
2047,South Atlantic,1.913398078,NC
2047,South Atlantic,1.913398078,GA
2047,South Atlantic,1.913398078,WV
2047,South Atlantic,1.913398078,SC
2047,South Atlantic,1.913398078,DE
2047,South Atlantic,1.913398078,DC
2047,East South Central,1.853356997,AL
2047,East South Central,1.853356997,TN
2047,East South Central,1.853356997,MS
2047,East South Central,1.853356997,KY
2047,West South Central,1.362618354,TX
2047,West South Central,1.362618354,LA
2047,West South Central,1.362618354,AR
2047,West South Central,1.362618354,OK
2047,Mountain,1.255386775,ID
2047,Mountain,1.255386775,CO
2047,Mountain,1.255386775,AZ
2047,Mountain,1.255386775,NM
2047,Mountain,1.255386775,NV
2047,Mountain,1.255386775,MT
2047,Mountain,1.255386775,WY
2047,Mountain,1.255386775,UT
2047,Pacific,1.069018607,CA
2047,Pacific,1.069018607,WA
2047,Pacific,1.069018607,OR
2048,New England,1.230507131,CT
2048,New England,1.230507131,MA
2048,New England,1.230507131,RI
2048,New England,1.230507131,NH
2048,New England,1.230507131,ME
2048,New England,1.230507131,VT
2048,Middle Atlantic,1.102674417,NY
2048,Middle Atlantic,1.102674417,PA
2048,Middle Atlantic,1.102674417,NJ
2048,East North Central,1.085356303,OH
2048,East North Central,1.085356303,IN
2048,East North Central,1.085356303,MI
2048,East North Central,1.085356303,IL
2048,East North Central,1.085356303,WI
2048,West North Central,1.10252523,MO
2048,West North Central,1.10252523,MN
2048,West North Central,1.10252523,KS
2048,West North Central,1.10252523,IA
2048,West North Central,1.10252523,NE
2048,West North Central,1.10252523,ND
2048,West North Central,1.10252523,SD
2048,South Atlantic,1.917781658,FL
2048,South Atlantic,1.917781658,VA
2048,South Atlantic,1.917781658,MD
2048,South Atlantic,1.917781658,NC
2048,South Atlantic,1.917781658,GA
2048,South Atlantic,1.917781658,WV
2048,South Atlantic,1.917781658,SC
2048,South Atlantic,1.917781658,DE
2048,South Atlantic,1.917781658,DC
2048,East South Central,1.85503854,AL
2048,East South Central,1.85503854,TN
2048,East South Central,1.85503854,MS
2048,East South Central,1.85503854,KY
2048,West South Central,1.365437604,TX
2048,West South Central,1.365437604,LA
2048,West South Central,1.365437604,AR
2048,West South Central,1.365437604,OK
2048,Mountain,1.255378113,ID
2048,Mountain,1.255378113,CO
2048,Mountain,1.255378113,AZ
2048,Mountain,1.255378113,NM
2048,Mountain,1.255378113,NV
2048,Mountain,1.255378113,MT
2048,Mountain,1.255378113,WY
2048,Mountain,1.255378113,UT
2048,Pacific,1.069409245,CA
2048,Pacific,1.069409245,WA
2048,Pacific,1.069409245,OR
2049,New England,1.23467397,CT
2049,New England,1.23467397,MA
2049,New England,1.23467397,RI
2049,New England,1.23467397,NH
2049,New England,1.23467397,ME
2049,New England,1.23467397,VT
2049,Middle Atlantic,1.102559951,NY
2049,Middle Atlantic,1.102559951,PA
2049,Middle Atlantic,1.102559951,NJ
2049,East North Central,1.085286644,OH
2049,East North Central,1.085286644,IN
2049,East North Central,1.085286644,MI
2049,East North Central,1.085286644,IL
2049,East North Central,1.085286644,WI
2049,West North Central,1.102660368,MO
2049,West North Central,1.102660368,MN
2049,West North Central,1.102660368,KS
2049,West North Central,1.102660368,IA
2049,West North Central,1.102660368,NE
2049,West North Central,1.102660368,ND
2049,West North Central,1.102660368,SD
2049,South Atlantic,1.92203622,FL
2049,South Atlantic,1.92203622,VA
2049,South Atlantic,1.92203622,MD
2049,South Atlantic,1.92203622,NC
2049,South Atlantic,1.92203622,GA
2049,South Atlantic,1.92203622,WV
2049,South Atlantic,1.92203622,SC
2049,South Atlantic,1.92203622,DE
2049,South Atlantic,1.92203622,DC
2049,East South Central,1.856678631,AL
2049,East South Central,1.856678631,TN
2049,East South Central,1.856678631,MS
2049,East South Central,1.856678631,KY
2049,West South Central,1.368197236,TX
2049,West South Central,1.368197236,LA
2049,West South Central,1.368197236,AR
2049,West South Central,1.368197236,OK
2049,Mountain,1.255375816,ID
2049,Mountain,1.255375816,CO
2049,Mountain,1.255375816,AZ
2049,Mountain,1.255375816,NM
2049,Mountain,1.255375816,NV
2049,Mountain,1.255375816,MT
2049,Mountain,1.255375816,WY
2049,Mountain,1.255375816,UT
2049,Pacific,1.069819093,CA
2049,Pacific,1.069819093,WA
2049,Pacific,1.069819093,OR
2050,New England,1.238754878,CT
2050,New England,1.238754878,MA
2050,New England,1.238754878,RI
2050,New England,1.238754878,NH
2050,New England,1.238754878,ME
2050,New England,1.238754878,VT
2050,Middle Atlantic,1.102467988,NY
2050,Middle Atlantic,1.102467988,PA
2050,Middle Atlantic,1.102467988,NJ
2050,East North Central,1.085223876,OH
2050,East North Central,1.085223876,IN
2050,East North Central,1.085223876,MI
2050,East North Central,1.085223876,IL
2050,East North Central,1.085223876,WI
2050,West North Central,1.102799528,MO
2050,West North Central,1.102799528,MN
2050,West North Central,1.102799528,KS
2050,West North Central,1.102799528,IA
2050,West North Central,1.102799528,NE
2050,West North Central,1.102799528,ND
2050,West North Central,1.102799528,SD
2050,South Atlantic,1.926175073,FL
2050,South Atlantic,1.926175073,VA
2050,South Atlantic,1.926175073,MD
2050,South Atlantic,1.926175073,NC
2050,South Atlantic,1.926175073,GA
2050,South Atlantic,1.926175073,WV
2050,South Atlantic,1.926175073,SC
2050,South Atlantic,1.926175073,DE
2050,South Atlantic,1.926175073,DC
2050,East South Central,1.85827805,AL
2050,East South Central,1.85827805,TN
2050,East South Central,1.85827805,MS
2050,East South Central,1.85827805,KY
2050,West South Central,1.370903949,TX
2050,West South Central,1.370903949,LA
2050,West South Central,1.370903949,AR
2050,West South Central,1.370903949,OK
2050,Mountain,1.255380029,ID
2050,Mountain,1.255380029,CO
2050,Mountain,1.255380029,AZ
2050,Mountain,1.255380029,NM
2050,Mountain,1.255380029,NV
2050,Mountain,1.255380029,MT
2050,Mountain,1.255380029,WY
2050,Mountain,1.255380029,UT
2050,Pacific,1.070257626,CA
2050,Pacific,1.070257626,WA
2050,Pacific,1.070257626,OR
