tz	in.state	in.county
EST	IN	G1800970
CST	MN	G2700530
PST	CA	G0600950
CST	MN	G2700230
EST	NY	G3600850
EST	NY	G3600430
EST	FL	G1201010
CST	IL	G1700110
EST	PA	G4200330
PST	CA	G0600270
PST	CA	G0600350
EST	PA	G4200370
EST	WV	G5400990
MST	MT	G3000890
EST	NJ	G3400370
CST	MS	G2801210
CST	AL	G0101170
EST	OH	G3901670
EST	GA	G1302290
CST	KS	G2002070
PST	WA	G5300650
PST	WA	G5300450
EST	KY	G2101130
EST	NC	G3701650
CST	WI	G5500690
PST	CA	G0600470
CST	AR	G0501330
EST	OH	G3900210
CST	KS	G2001850
CST	AL	G0100610
CST	MS	G2801590
EST	VA	G5101410
CST	MO	G2902070
CST	IL	G1700870
CST	MO	G2900410
EST	MI	G2600330
CST	TX	G4804050
CST	TN	G4700270
EST	PA	G4201050
CST	TX	G4802550
CST	MO	G2902110
CST	ND	G3800190
CST	MS	G2800090
CST	AL	G0100990
CST	TX	G4804890
CST	IA	G1900410
EST	DE	G1000030
EST	MD	G2400030
CST	AL	G0101090
EST	MI	G2600890
MST	WY	G5600010
CST	TX	G4801890
CST	MN	G2701090
EST	NY	G3601050
MST_only	AZ	G0400030
CST	LA	G2201050
CST	IA	G1901550
EST	SC	G4500650
CST	IL	G1701430
EST	IN	G1800110
CST	AL	G0100170
CST	MS	G2800650
CST	IA	G1900990
EST	IN	G1800670
EST	VA	G5100670
CST	IA	G1900390
CST	TX	G4800370
EST	KY	G2100450
EST	NY	G3601230
EST	NC	G3700070
EST	TN	G4701510
CST	TN	G4701830
EST	KY	G2101590
EST	IN	G1801590
EST	MI	G2600610
CST	MO	G2901570
EST	FL	G1200370
EST	WV	G5400470
MST	WY	G5600050
MST	ID	G1600290
CST	MO	G2902190
PST	NV	G3200290
CST	TX	G4801610
EST	VA	G5105950
CST	MN	G2701730
CST	IA	G1901370
CST	KS	G2001630
EST	FL	G1200310
MST	NM	G3500570
EST	NC	G3700690
EST	MA	G2500090
EST	MI	G2601630
EST	FL	G1200510
CST	WI	G5501050
EST	MI	G2601490
MST_only	AZ	G0400250
PST	CA	G0600450
EST	MD	G2400190
EST	NY	G3600950
CST	LA	G2200710
EST	NH	G3300190
CST	NE	G3100410
CST	LA	G2200950
EST	FL	G1201210
EST	OH	G3901450
CST	KS	G2000990
EST	TN	G4701290
EST	FL	G1201070
EST	NH	G3300170
CST	OK	G4000090
EST	WV	G5400250
CST	LA	G2200670
CST	TN	G4700850
CST	TX	G4802250
EST	GA	G1302410
CST	TN	G4701370
CST	AL	G0100590
CST	SD	G4600130
CST	TN	G4700030
EST	OH	G3900310
MST	CO	G0800870
CST	TX	G4800350
CST	AL	G0100930
CST	IL	G1701070
CST	TX	G4802110
MST	MT	G3000210
CST	KS	G2000670
MST	MT	G3000330
EST	GA	G1300490
CST	KS	G2000110
CST	IL	G1700510
EST	KY	G2101530
CST	ND	G3800430
EST	KY	G2101030
CST	IL	G1700670
EST	CT	G0900110
EST	NY	G3600470
EST	RI	G4400070
EST	VA	G5101910
CST	MO	G2900210
EST	VA	G5100870
CST	MN	G2700950
EST	KY	G2101790
EST	KY	G2101650
CST	LA	G2200770
EST	MI	G2600270
EST	GA	G1300170
EST	VA	G5106600
EST	KY	G2101970
CST	KS	G2000570
MST	NM	G3500370
CST	MO	G2902130
CST	WI	G5500630
EST	PA	G4200730
EST	VA	G5101370
EST	KY	G2101670
EST	VA	G5100630
EST	KY	G2101210
CST	MS	G2800730
EST	OH	G3901590
CST	IL	G1700230
EST	GA	G1302910
CST	TX	G4803490
CST	AL	G0100090
EST	VA	G5108400
EST	GA	G1300810
CST	IA	G1900470
CST	AL	G0100790
CST	MO	G2901350
CST	SD	G4600030
MST	SD	G4601170
EST	VA	G5100110
CST	LA	G2201210
CST	NE	G3101590
CST	NE	G3101370
EST	IN	G1801430
CST	TX	G4802610
CST	MO	G2900430
PST	OR	G4100510
CST	IL	G1700970
CST	TX	G4800270
EST	PA	G4201010
EST	WV	G5400030
CST	ND	G3800170
EST	NY	G3600170
EST	MD	G2400050
EST	VT	G5000030
EST	GA	G1300010
EST	IN	G1800490
EST	KY	G2102290
CST	IL	G1700570
EST	GA	G1300090
EST	VA	G5101270
CST	NE	G3101850
CST	MN	G2701010
CST	MN	G2700590
CST	NE	G3100530
CST	WI	G5500230
CST	MN	G2701610
EST	WV	G5400050
EST	TN	G4700290
CST	TX	G4801170
MST	WY	G5600030
MST	ID	G1600430
CST	MN	G2701290
CST	AL	G0101190
CST	KS	G2001570
CST	MS	G2800510
CST	NE	G3100150
CST	NE	G3101830
MST	ID	G1600270
MST	MT	G3000810
MST	CO	G0800690
EST	CT	G0900010
EST	IN	G1801530
CST	LA	G2200790
PST	NV	G3200310
CST	MO	G2900470
EST	VA	G5101570
PST	CA	G0600690
EST	OH	G3901190
PST	ID	G1600550
EST	WV	G5400290
EST	GA	G1302470
EST	GA	G1300390
EST	VA	G5100750
EST	KY	G2101870
EST	IN	G1800290
CST	IL	G1701210
EST	WV	G5400670
EST	SC	G4500550
PST	OR	G4100590
CST	AL	G0100350
CST	MS	G2800890
CST	TX	G4802310
EST	GA	G1301470
CST	TX	G4803870
EST	OH	G3900010
EST	VA	G5101190
EST	GA	G1302790
EST	VT	G5000190
CST	IA	G1900510
EST	GA	G1302830
CST	TN	G4701010
CST	KY	G2100830
EST	OH	G3900970
CST	TX	G4803530
CST	MN	G2701130
CST	NE	G3101630
CST	MS	G2800070
PST	WA	G5300010
CST	IA	G1900530
EST	GA	G1301710
CST	IL	G1700130
CST	WI	G5500650
CST	NE	G3101670
CST	AR	G0500650
CST	IA	G1900870
EST	WV	G5401010
EST	WV	G5400730
CST	NE	G3101810
EST	IN	G1800810
CST	MO	G2905100
CST	TX	G4801570
EST	OH	G3901290
EST	NY	G3600490
EST	TN	G4701230
EST	GA	G1300730
CST	IN	G1801290
EST	NJ	G3400210
CST	FL	G1201310
EST	OH	G3900770
EST	FL	G1200550
CST	TN	G4701130
EST	OH	G3901410
CST	OK	G4001450
CST	AR	G0501050
EST	TN	G4700730
CST	TX	G4801770
EST	IN	G1800190
EST	IN	G1800170
PST	CA	G0600870
EST	NC	G3700970
CST	MO	G2902290
CST	MS	G2800050
CST	MO	G2902230
PST	WA	G5300470
CST	MS	G2800430
EST	GA	G1302970
PST	CA	G0600510
EST	VA	G5100370
EST	GA	G1300950
CST	WI	G5500890
EST	MI	G2600630
EST	NC	G3700650
CST	MS	G2800930
CST	WI	G5500910
CST	IA	G1901330
CST	TX	G4804590
EST	VA	G5101330
EST	VA	G5100930
EST	MI	G2600310
CST	IL	G1701090
PST	CA	G0600910
CST	TX	G4803850
MST	WY	G5600190
CST	TX	G4802470
CST	ND	G3800850
CST	MS	G2801190
CST	SD	G4600450
MST	CO	G0800590
PST	WA	G5300330
CST	MS	G2800350
MST	CO	G0800310
PST	WA	G5300630
CST	MS	G2800470
PST	CA	G0600750
EST	MI	G2601250
CST	TX	G4803070
EST	NC	G3701830
CST	OK	G4001350
EST	OH	G3900030
PST	OR	G4100390
CST	WI	G5501130
EST	NC	G3700530
CST	LA	G2201090
CST	TX	G4801670
CST	MO	G2900910
EST	OH	G3901250
EST	SC	G4500090
CST	TX	G4801350
MST	CO	G0800650
EST	GA	G1302930
CST	LA	G2200010
PST	WA	G5300410
MST	UT	G4900190
MST	UT	G4900210
CST	MO	G2900230
MST	WY	G5600310
CST	MN	G2701310
EST	PA	G4200230
CST	OK	G4000210
CST	LA	G2200250
EST	PA	G4200990
CST	OK	G4000990
CST	KS	G2001230
CST	MO	G2901330
CST	IA	G1900050
CST	IA	G1901170
EST	VA	G5100810
EST	MI	G2600470
CST	LA	G2200910
EST	NC	G3701210
CST	IA	G1900650
CST	TX	G4800950
CST	MN	G2701570
CST	MO	G2900390
CST	TX	G4802970
CST	TX	G4803510
CST	MS	G2800210
EST	KY	G2100510
CST	TX	G4801530
CST	KS	G2000250
CST	AR	G0500130
CST	ND	G3800830
CST	TX	G4803930
CST	NE	G3101170
CST	KS	G2001770
CST	TX	G4803550
EST	MA	G2500150
EST	FL	G1200970
EST	PA	G4200490
PST	CA	G0600970
CST	WI	G5500590
EST	GA	G1300970
CST	AL	G0100950
CST	OK	G4000410
MST	NE	G3101570
CST	MO	G2901050
CST	LA	G2200390
CST	OK	G4001530
CST	TN	G4700610
EST	TN	G4700650
EST	FL	G1200230
CST	IL	G1700930
EST	GA	G1302630
EST	TN	G4701790
PST	CA	G0600150
CST	IA	G1901710
CST	TX	G4804570
CST	TX	G4804850
EST	MI	G2600910
PST	CA	G0600630
CST	MS	G2800710
EST	IN	G1801330
CST	IL	G1701010
CST	WI	G5500190
EST	OH	G3901750
EST	OH	G3901430
CST	TX	G4804190
EST	IN	G1801790
CST	OK	G4001230
EST	VA	G5101010
CST	MN	G2700890
CST	MO	G2901850
CST	MS	G2800690
PST	WA	G5300130
CST	KS	G2000170
CST	SD	G4600690
PST	CA	G0600370
EST	MI	G2601030
EST	MA	G2500130
EST	MI	G2600410
EST	FL	G1200610
CST	IN	G1801470
CST	NE	G3101410
CST	MS	G2801010
PST	CA	G0600990
CST	IL	G1700850
EST	VA	G5101530
EST	OH	G3900170
EST	GA	G1303130
EST	VA	G5108300
EST	VA	G5100690
EST	ME	G2300070
MST	NM	G3500550
CST	LA	G2201110
CST	KY	G2101430
MST	WY	G5600230
EST	PA	G4200850
PST	WA	G5300390
CST	NE	G3100810
CST	OK	G4000850
CST	TN	G4700790
MST	UT	G4900370
CST	WI	G5500210
EST	TN	G4701070
CST	TX	G4805070
CST	IL	G1701410
CST	TX	G4800250
CST	TX	G4804370
EST	VA	G5101450
CST	MN	G2701250
EST	GA	G1300930
PST	WA	G5300550
CST	TN	G4701530
CST	KY	G2102130
EST	VA	G5101490
CST	IL	G1700490
CST	TX	G4804450
CST	TX	G4803770
EST	KY	G2100770
MST	NE	G3100310
PST	ID	G1600350
MST	NE	G3101650
CST	WI	G5501330
CST	WI	G5500950
EST	TN	G4700110
EST	WV	G5400330
CST	TN	G4700310
EST	NC	G3700810
CST	AR	G0500090
EST	NJ	G3400050
EST	WV	G5400110
EST	NC	G3700350
CST	SD	G4600850
EST	KY	G2102090
CST	TX	G4803650
EST	GA	G1300770
EST	GA	G1301510
CST	AR	G0501310
CST	TN	G4700050
PST	WA	G5300310
CST	MN	G2701110
CST	IA	G1900550
CST	KS	G2001390
EST	KY	G2101230
CST	TX	G4801070
MST	CO	G0800370
EST	OH	G3900650
CST	AL	G0100230
EST	NY	G3601090
MST	CO	G0800550
EST	VA	G5101810
CST	TX	G4802270
CST	MN	G2700770
EST	VA	G5101030
CST	TX	G4800070
EST	GA	G1303150
CST	TX	G4801030
CST	TX	G4801050
PST	WA	G5300530
MST	CO	G0800350
CST	MN	G2700330
EST	KY	G2100670
EST	MA	G2500210
EST	TN	G4700890
EST	NY	G3600750
EST	FL	G1200730
MST	ID	G1600050
EST	OH	G3901490
CST	TX	G4800610
CST	AR	G0501210
CST	AL	G0100310
MST	MT	G3000470
CST	MO	G2902090
CST	AL	G0100270
CST	SD	G4600830
CST	MO	G2900870
CST	AR	G0500610
CST	IL	G1701330
MST_only	AZ	G0400120
CST	WI	G5500770
CST	WI	G5500450
CST	WI	G5500310
EST	SC	G4500390
CST	OK	G4000050
CST	IL	G1700450
EST	GA	G1302110
EST	GA	G1302010
MST	MT	G3000670
CST	LA	G2200270
CST	KS	G2000330
CST	OK	G4000730
CST	OK	G4000250
CST	KS	G2001370
CST	NE	G3101130
CST	SD	G4600430
MST	UT	G4900330
CST	OK	G4000110
CST	NE	G3101210
EST	VA	G5105300
CST	IA	G1901730
MST	MT	G3000510
MST	NE	G3100570
CST	KY	G2101050
CST	MN	G2700030
PST	OR	G4100670
MST	CO	G0800430
CST	IL	G1701970
EST	IN	G1800530
EST	NC	G3701850
EST	NC	G3700930
EST	IN	G1800450
EST	IN	G1800050
CST	AL	G0100710
EST	SC	G4500830
MST	CO	G0800140
EST	VA	G5100030
MST	ID	G1600850
MST	CO	G0800030
EST	KY	G2100110
EST	PA	G4200670
CST	MO	G2901070
EST	SC	G4500210
CST	MO	G2900850
CST	KS	G2000790
EST	OH	G3900330
MST_only	AZ	G0400010
CST	TX	G4801690
CST	MN	G2700630
EST	GA	G1301990
CST	AR	G0501170
MST	NM	G3500590
CST	KS	G2000070
EST	MI	G2601010
CST	TX	G4800770
MST	MT	G3000970
CST	IL	G1701530
CST	ND	G3800530
MST	CO	G0800890
EST	VA	G5101110
CST	KS	G2001410
CST	OK	G4001410
MST	NE	G3100290
CST	TX	G4801290
CST	TX	G4800430
MST	NM	G3500280
CST	MO	G2900610
MST	CO	G0800330
CST	TX	G4800850
EST	NY	G3600790
EST	MI	G2601470
CST	MO	G2901890
EST	OH	G3900570
CST	AL	G0100630
EST	KY	G2100930
EST	SC	G4500150
CST	KS	G2001210
CST	MN	G2701590
EST	PA	G4201190
CST	TN	G4700690
CST	IA	G1900890
CST	IL	G1701950
EST	NC	G3700490
EST	OH	G3901690
CST	AR	G0501250
CST	MO	G2901650
EST	NC	G3700410
EST	NC	G3701630
EST	SC	G4500890
MST	ID	G1600310
EST	NC	G3700430
EST	ME	G2300170
EST	KY	G2100950
CST	TX	G4801790
EST	VA	G5100090
EST	GA	G1301450
EST	NC	G3700390
EST	VA	G5101670
CST	MS	G2801030
CST	MN	G2700490
EST	PA	G4200530
CST	MN	G2700910
EST	MD	G2400450
CST	MO	G2900530
CST	NE	G3101110
CST	KS	G2000690
CST	TX	G4802710
CST	KS	G2000770
MST	MT	G3001010
CST	KS	G2000030
CST	NE	G3100770
MST	SD	G4600470
CST	KS	G2001650
CST	TX	G4801510
CST	KS	G2001790
CST	OK	G4000570
EST	TN	G4700930
EST	CT	G0900030
PST	NV	G3200330
CST	TX	G4800390
CST	TX	G4803190
CST	TX	G4802590
EST	TN	G4700090
CST	TX	G4804530
EST	SC	G4500710
EST	PA	G4200790
EST	IN	G1801250
PST	CA	G0601130
CST	TN	G4701890
CST	AR	G0500350
CST	TX	G4801650
EST	NH	G3300090
MST	NM	G3500470
CST	MS	G2800450
CST	OK	G4000370
EST	TN	G4700250
CST	TX	G4801630
EST	CT	G0900130
EST	NC	G3700770
CST	LA	G2200570
EST	GA	G1300230
MST	ID	G1600390
EST	WV	G5400650
EST	KY	G2100130
EST	MD	G2400110
CST	NE	G3100430
CST	TN	G4700230
MST	MT	G3000590
CST	MO	G2901950
CST	TX	G4803730
CST	OK	G4000450
CST	MO	G2900790
PST	WA	G5300610
EST	TN	G4700590
EST	NY	G3600630
EST	DE	G1000010
EST	FL	G1200010
EST	NC	G3700470
EST	OH	G3901030
CST	TX	G4800890
EST	PA	G4200930
EST	MI	G2600290
CST	NE	G3101090
CST	SD	G4600510
CST	WI	G5500970
CST	MO	G2901690
CST	OK	G4001490
CST	TX	G4802230
EST	MI	G2600930
CST	ND	G3800570
EST	IN	G1801550
EST	VA	G5101690
MST	ID	G1600070
MST	ID	G1600730
CST	WI	G5500130
PST	WA	G5300190
MST	ID	G1600530
EST	KY	G2102030
EST	WV	G5400710
CST	NE	G3101730
CST	OK	G4000950
CST	MO	G2900830
CST	AL	G0101050
CST	NE	G3100630
EST	GA	G1300070
CST	KS	G2001190
CST	TX	G4803590
CST	FL	G1200910
EST	NY	G3600810
CST	MN	G2701050
MST	UT	G4900430
CST	IA	G1900610
EST	RI	G4400010
EST	KY	G2101630
CST	OK	G4001010
EST	GA	G1302710
CST	IL	G1700370
CST	WI	G5500810
MST	NM	G3500190
EST	PA	G4201030
MST	ID	G1600590
CST	LA	G2200150
CST	MO	G2900890
EST	WV	G5400390
CST	MO	G2901810
CST	LA	G2200310
CST	MO	G2901410
EST	NC	G3701410
MST	NM	G3500070
CST	NE	G3101330
CST	TX	G4802910
CST	SD	G4600790
MST	NM	G3500450
CST	OK	G4000070
CST	AL	G0101070
EST	NC	G3701810
EST	KY	G2102170
EST	VA	G5101630
EST	IN	G1801610
CST	TN	G4701170
CST	TX	G4800570
CST	KS	G2000050
CST	MO	G2901860
EST	MI	G2601410
CST	AL	G0101310
PST	CA	G0600030
MST	NE	G3101050
CST	TX	G4802070
CST	ND	G3801030
CST	AL	G0100730
EST	FL	G1200860
CST	TX	G4804510
EST	NY	G3600010
CST	IL	G1701810
EST	NY	G3601130
CST	OK	G4001090
CST	LA	G2200290
EST	ME	G2300050
CST	IL	G1700750
EST	VA	G5107750
EST	VA	G5100470
EST	VA	G5105900
CST	KY	G2100850
EST	PA	G4201110
EST	WV	G5400970
CST	MN	G2700790
CST	IL	G1700950
MST	ID	G1600650
CST	MS	G2800150
CST	TX	G4800590
CST	TX	G4802990
CST	SD	G4600350
MST	CO	G0800710
CST	TN	G4700550
CST	TX	G4801110
EST	WV	G5400910
EST	TN	G4701730
CST	IL	G1701770
CST	SD	G4600370
EST	GA	G1302070
EST	IN	G1801210
CST	SD	G4601010
CST	ND	G3800590
CST	LA	G2200810
CST	MO	G2900650
EST	NC	G3700750
CST	IA	G1900810
MST	NM	G3500330
EST	VA	G5107200
CST	LA	G2200130
MST	ID	G1600810
CST	TX	G4801550
CST	OK	G4000290
CST	KS	G2001050
CST	ND	G3800470
CST	MS	G2801230
CST	IL	G1701610
CST	WI	G5500790
EST	SC	G4500810
CST	AL	G0101270
EST	FL	G1201270
EST	KY	G2100710
EST	NJ	G3400110
EST	OH	G3900270
EST	NY	G3600510
CST	IN	G1800890
EST	MA	G2500010
CST	IA	G1900270
MST	ID	G1600190
CST	KS	G2000130
EST	PA	G4200210
PST	ID	G1600690
EST	OH	G3901570
EST	NC	G3700630
EST	PA	G4201070
EST	MI	G2601430
EST	SC	G4500250
CST	LA	G2200930
PST	ID	G1600170
CST	MN	G2701470
EST	MI	G2601650
EST	MI	G2600230
CST	SD	G4601350
MST	MT	G3000990
CST	NE	G3100250
MST	WY	G5600210
CST	TX	G4805050
MST	CO	G0800070
EST	NC	G3701150
CST	AR	G0500470
CST	SD	G4601270
CST	AR	G0500810
CST	AR	G0500410
CST	KS	G2000310
EST	VA	G5100790
EST	GA	G1302190
CST	KY	G2100550
CST	LA	G2201250
CST	TX	G4804030
CST	MN	G2701170
MST	SD	G4600410
CST	KS	G2000650
MST	MT	G3000690
CST	SD	G4600750
CST	MI	G2600430
EST	NY	G3600310
EST	NH	G3300110
EST	GA	G1300510
PST	CA	G0600190
EST	MD	G2400250
CST	TX	G4804790
PST	WA	G5300290
CST	AL	G0100910
EST	KY	G2101150
EST	VT	G5000070
EST	FL	G1200390
EST	WV	G5400890
EST	VA	G5101730
CST	LA	G2200690
CST	NE	G3101190
CST	IL	G1701490
EST	FL	G1200890
CST	MO	G2900510
EST	NY	G3600830
EST	NY	G3601170
CST	TX	G4803250
PST	NV	G3200050
CST	LA	G2201130
EST	VA	G5105700
EST	KY	G2102230
CST	KS	G2001170
CST	MN	G2700610
CST	MO	G2901250
MST	ND	G3800410
EST	NC	G3701430
MST	MT	G3000070
MST	CO	G0800630
MST	MT	G3000350
EST	WV	G5400170
CST	AL	G0100850
MST	MT	G3001050
EST	IN	G1800790
CST	TX	G4801970
EST	MA	G2500170
CST	MS	G2801150
EST	SC	G4500610
CST	WI	G5500090
EST	PA	G4200750
EST	NC	G3701450
PST	CA	G0601110
EST	NJ	G3400090
EST	MI	G2601310
PST	OR	G4100530
CST	AL	G0100550
EST	GA	G1302570
EST	PA	G4200410
CST	AL	G0101330
PST	WA	G5300210
CST	TN	G4701350
MST	NM	G3500050
CST	OK	G4000010
EST	VT	G5000210
CST	TX	G4803470
CST	MO	G2901590
EST	VA	G5106900
EST	IN	G1800750
EST	GA	G1301190
MST	NM	G3500510
CST	ND	G3800390
CST	SD	G4600490
EST	WV	G5400130
EST	OH	G3900150
EST	FL	G1200670
CST	MN	G2700010
CST	TX	G4801330
EST	VA	G5100250
MST	WY	G5600430
CST	MO	G2900570
EST	IN	G1801350
MST	MT	G3000570
CST	SD	G4600890
CST	KS	G2001870
EST	IN	G1801310
EST	SC	G4500530
CST	AL	G0100570
MST	UT	G4900290
CST	TX	G4801270
MST	ND	G3800330
CST	TN	G4700370
EST	PA	G4201330
EST	GA	G1300470
PST	CA	G0600290
EST	NY	G3600610
CST	TX	G4803790
CST	MO	G2900310
EST	VA	G5107000
CST	MS	G2801270
CST	IA	G1900170
CST	AR	G0500770
EST	KY	G2102110
CST	MO	G2900710
EST	NY	G3600650
EST	NC	G3701910
CST	ND	G3800030
CST	IN	G1800730
CST	WI	G5500430
CST	MN	G2700570
EST	OH	G3901610
MST	ID	G1600770
EST	PA	G4200810
CST	IA	G1901390
CST	TX	G4800010
EST	VT	G5000050
EST	GA	G1302530
EST	GA	G1300850
EST	MI	G2601510
CST	IL	G1701470
CST	SD	G4600650
CST	MS	G2800530
CST	TN	G4700810
CST	MO	G2900350
CST	TN	G4700150
CST	MO	G2901370
EST	WV	G5400750
CST	AL	G0100650
CST	OK	G4000690
EST	GA	G1300530
CST	MO	G2900450
EST	MI	G2600110
EST	VA	G5100070
MST	CO	G0800790
MST	MT	G3001090
MST	SD	G4600070
CST	TX	G4803030
EST	GA	G1300210
CST	TX	G4803390
EST	MA	G2500250
EST	NY	G3600550
EST	MD	G2405100
CST	MO	G2900290
PST	CA	G0600770
EST	NC	G3701890
CST	OK	G4000890
EST	SC	G4500750
EST	MD	G2400270
CST	KY	G2100590
EST	MI	G2600770
EST	VA	G5100150
CST	AL	G0101130
CST	TX	G4803810
EST	ME	G2300010
EST	PA	G4200610
CST	TX	G4801850
EST	NC	G3701610
CST	MN	G2700050
EST	NC	G3701590
CST	NE	G3101530
CST	MN	G2700670
EST	VA	G5107400
EST	NH	G3300030
CST	TX	G4803710
EST	KY	G2100210
CST	MS	G2800570
EST	IN	G1800850
CST	WI	G5501350
EST	VA	G5100730
CST	KY	G2100910
MST	SD	G4600930
CST	KS	G2000090
CST	IL	G1700050
CST	TX	G4802770
MST	SD	G4600810
CST	AR	G0500290
EST	WV	G5400950
CST	TX	G4802650
CST	AR	G0500030
MST	CO	G0800930
CST	IA	G1900210
CST	IA	G1900070
MST	CO	G0800510
EST	GA	G1300610
EST	VA	G5101550
EST	VA	G5105800
CST	IL	G1700170
MST	NE	G3100690
CST	TX	G4804910
CST	MS	G2800610
EST	GA	G1302450
CST	WI	G5500750
PST	CA	G0600790
EST	NY	G3600890
CST	AR	G0500510
CST	MO	G2900690
CST	MN	G2700430
CST	TN	G4701870
CST	TX	G4802030
EST	VA	G5101130
MST	WY	G5600350
EST	MI	G2601530
CST	TX	G4802410
EST	CT	G0900050
EST	NY	G3601210
EST	MI	G2601170
MST	NE	G3101230
CST	KY	G2101770
EST	TN	G4700190
CST	AR	G0500570
CST	IA	G1901750
EST	NY	G3601010
EST	VA	G5101850
EST	GA	G1303050
EST	NC	G3701270
CST	OK	G4001170
MST	NM	G3500410
CST	IL	G1700530
EST	IN	G1800310
CST	MO	G2901770
CST	MO	G2900250
CST	MS	G2800010
EST	GA	G1302810
EST	GA	G1301650
EST	NC	G3700330
EST	NC	G3701370
CST	TX	G4802830
CST	LA	G2200650
CST	AR	G0501070
CST	KS	G2000970
EST	WV	G5401050
CST	TX	G4804470
MST	ND	G3800070
MST	NE	G3100750
EST	CT	G0900090
EST	VA	G5100130
EST	PA	G4200110
CST	AL	G0100430
EST	VA	G5106000
EST	VA	G5105100
EST	GA	G1300570
CST	LA	G2200050
EST	IN	G1800130
CST	TX	G4802570
EST	TN	G4700010
EST	KY	G2100050
CST	TX	G4803950
CST	AR	G0500270
EST	NC	G3701170
EST	IN	G1800950
EST	SC	G4500670
MST	WY	G5600130
EST	NY	G3600030
PST	WA	G5300490
CST	IA	G1900690
EST	NC	G3700090
CST	AR	G0500890
EST	WV	G5400090
MST	CO	G0800730
MST	MT	G3000910
EST	NC	G3700950
CST	SD	G4600950
MST	MT	G3001070
EST	OH	G3901550
EST	VA	G5107300
EST	WV	G5401070
EST	GA	G1301230
EST	VA	G5101870
MST	MT	G3000930
EST	SC	G4500770
EST	VA	G5100650
EST	SC	G4500570
EST	MI	G2600670
EST	RI	G4400090
CST	MN	G2701410
EST	FL	G1200170
CST	TX	G4800750
EST	GA	G1300290
EST	NC	G3701570
EST	MI	G2600750
CST	WI	G5500530
EST	NC	G3701670
CST	TX	G4801310
EST	VA	G5100990
CST	MS	G2800390
MST	ID	G1600410
EST	VA	G5101350
EST	OH	G3901470
CST	MN	G2700850
EST	GA	G1300330
CST	TN	G4700870
EST	GA	G1300110
EST	PA	G4200870
EST	GA	G1300910
CST	IA	G1900190
CST	TN	G4700950
EST	GA	G1301610
EST	VA	G5100210
EST	NC	G3701770
CST	LA	G2200350
EST	GA	G1301250
PST	ID	G1600610
CST	LA	G2200590
MST	ND	G3800010
CST	MN	G2701670
MST	SD	G4600550
CST	TX	G4802690
MST	NM	G3500010
EST	FL	G1200470
EST	MI	G2600490
MST	NM	G3500270
EST	NY	G3600670
EST	FL	G1201190
PST	CA	G0600530
EST	FL	G1201170
MST	TX	G4801410
EST	NC	G3701130
EST	VA	G5106300
PST	OR	G4100710
EST	TN	G4700130
CST	SD	G4600270
CST	MS	G2801550
PST	NV	G3200210
CST	SD	G4600290
CST	MO	G2901550
CST	IL	G1701750
CST	NE	G3100790
EST	WV	G5400410
CST	TX	G4803210
CST	WI	G5500370
EST	VA	G5106800
CST	LA	G2200410
CST	MS	G2800810
CST	TX	G4804770
EST	NC	G3700130
EST	GA	G1302750
MST	NE	G3100490
CST	MN	G2700090
MST	UT	G4900230
CST	IA	G1900830
CST	ND	G3800550
CST	KS	G2000930
CST	MO	G2900050
EST	IN	G1801150
CST	TX	G4800090
CST	KY	G2100750
CST	TX	G4801370
MST	KS	G2001990
EST	NY	G3600050
EST	FL	G1200950
CST	OK	G4001470
PST	CA	G0600010
CST	IA	G1900110
EST	KY	G2100150
CST	MO	G2900950
CST	IL	G1700890
EST	VA	G5107600
EST	OH	G3900290
CST	TX	G4803430
EST	OH	G3900450
EST	NC	G3701510
CST	MO	G2901150
CST	TN	G4701650
CST	OK	G4000310
EST	NC	G3700250
EST	NY	G3600230
CST	SD	G4600110
CST	TX	G4804730
CST	TX	G4801430
CST	KY	G2100570
EST	GA	G1300590
CST	MN	G2701390
EST	VA	G5100230
CST	KS	G2000870
CST	IL	G1701670
EST	SC	G4500130
EST	OH	G3900550
CST	KS	G2002050
EST	MD	G2400390
CST	KY	G2101490
MST	CO	G0800290
CST	MO	G2901170
CST	TX	G4803130
CST	SD	G4600530
EST	TN	G4701210
CST	AR	G0501370
CST	IL	G1700710
CST	IL	G1701550
CST	MS	G2800110
PST	OR	G4100250
EST	WV	G5400210
MST	MT	G3000770
CST	WI	G5501030
CST	IA	G1901350
MST	CO	G0800230
CST	KS	G2001970
EST	KY	G2100810
CST	NE	G3100830
CST	TN	G4701690
EST	WV	G5400070
CST	ND	G3800130
CST	KS	G2002030
CST	ND	G3800910
EST	NY	G3601110
CST	TX	G4801130
EST	WV	G5400350
EST	VA	G5107900
EST	MI	G2600990
CST	OK	G4000390
EST	NJ	G3400230
EST	MI	G2600550
EST	FL	G1201150
CST	KY	G2101450
EST	OH	G3900870
EST	GA	G1300890
CST	MN	G2700190
EST	VT	G5000170
EST	NJ	G3400070
EST	KY	G2102390
CST	IL	G1700910
EST	VA	G5101070
CST	IA	G1901130
EST	OH	G3901370
PST	OR	G4100030
CST	TX	G4804230
PST	CA	G0600090
EST	GA	G1302730
EST	KY	G2101610
EST	NY	G3600250
CST	LA	G2200990
EST	MI	G2600450
EST	GA	G1302550
MST	NM	G3500250
CST	TX	G4803290
CST	LA	G2200610
CST	MN	G2701530
CST	OK	G4000710
CST	TX	G4800530
CST	TX	G4805030
CST	OK	G4000330
CST	TN	G4701750
CST	TX	G4800450
CST	IL	G1701910
EST	VA	G5100570
CST	SD	G4601230
CST	MO	G2901490
CST	SD	G4600870
CST	NE	G3100950
CST	SD	G4600730
CST	WI	G5501010
EST	PA	G4200770
EST	OH	G3901330
EST	NJ	G3400190
CST	WI	G5501410
EST	IN	G1800990
CST	MO	G2901610
CST	MN	G2700470
PST	CA	G0600310
EST	NY	G3600110
EST	PA	G4201170
CST	IL	G1700190
EST	MI	G2600250
CST	SD	G4600610
MST	ID	G1600110
EST	MD	G2400230
EST	NC	G3700910
EST	GA	G1302990
EST	NY	G3601070
EST	MI	G2601150
CST	FL	G1200630
PST	ID	G1600570
EST	OH	G3900370
CST	ND	G3800710
CST	WI	G5500030
CST	NE	G3101510
EST	WV	G5400850
EST	GA	G1300830
MST	CO	G0801250
EST	NC	G3701730
CST	KS	G2000950
EST	GA	G1301890
MST	ND	G3800370
CST	TX	G4802430
CST	KS	G2000190
CST	KY	G2102190
EST	VA	G5100970
CST	MN	G2700870
EST	VA	G5106780
MST	MT	G3000750
CST	IL	G1700690
EST	SC	G4500410
EST	GA	G1302150
CST	WI	G5500270
EST	WV	G5400510
CST	IN	G1801730
CST	MO	G2900990
EST	FL	G1200710
EST	NC	G3701290
EST	GA	G1301430
EST	VA	G5101250
EST	PA	G4200890
CST	AR	G0500150
CST	MN	G2700830
CST	MO	G2900170
EST	IN	G1800870
CST	OK	G4000810
EST	WV	G5400310
EST	VA	G5106830
CST	LA	G2200490
MST	WY	G5600450
CST	IL	G1701590
CST	MI	G2601090
MST	WY	G5600170
CST	TX	G4802810
CST	IL	G1700030
CST	MN	G2701350
CST	KS	G2001430
CST	IA	G1900670
CST	MN	G2700710
CST	TX	G4804750
MST	ID	G1600030
CST	IL	G1700650
CST	ND	G3800810
EST	FL	G1200070
MST	MT	G3000790
CST	MO	G2901970
MST	NE	G3101350
EST	PA	G4200910
EST	DE	G1000050
MST_only	AZ	G0400190
CST	TX	G4801810
CST	TX	G4802510
MST	UT	G4900570
CST	OK	G4000270
CST	LA	G2200510
EST	SC	G4500790
CST	AR	G0501430
MST	CO	G0801130
PST	OR	G4100330
CST	KY	G2100270
MST_only	AZ	G0400170
EST	NC	G3700670
CST	OK	G4001110
CST	AL	G0100810
PST	CA	G0600410
EST	IN	G1800590
MST	NM	G3500090
EST	GA	G1300130
CST	MS	G2801290
PST	WA	G5300250
CST	TX	G4805010
CST	KS	G2001450
CST	MS	G2801610
CST	MO	G2900270
CST	MO	G2900670
CST	FL	G1200590
CST	TN	G4700430
MST	MT	G3000050
EST	OH	G3901050
EST	GA	G1300690
CST	KS	G2001310
MST	CO	G0800950
PST	OR	G4100650
CST	MO	G2900590
CST	MN	G2700690
EST	GA	G1301670
CST	MN	G2700750
CST	IA	G1901570
CST	IA	G1900030
MST	SD	G4601020
CST	TX	G4801250
EST	GA	G1302590
CST	TX	G4800650
CST	WI	G5500710
CST	TX	G4804010
CST	TX	G4804970
EST	IN	G1800570
EST	PA	G4200010
PST	OR	G4100470
EST	MI	G2601210
CST	MS	G2801330
CST	IA	G1900930
EST	NJ	G3400310
CST	OK	G4001190
EST	WV	G5400810
EST	VA	G5101050
CST	IL	G1701390
CST	AR	G0501130
EST	KY	G2100190
EST	NH	G3300130
EST	GA	G1301170
CST	AR	G0500310
MST	WY	G5600150
MST	UT	G4900130
EST	OH	G3900470
CST	SD	G4601090
EST	GA	G1300790
CST	MS	G2800270
EST	OH	G3900690
CST	MN	G2701210
CST	TX	G4804350
MST	WY	G5600250
EST	KY	G2101350
CST	KY	G2100350
EST	MI	G2600950
CST	WI	G5500990
CST	IL	G1701230
CST	MS	G2801110
PST	ID	G1600790
CST	KY	G2100390
CST	MS	G2800370
MST	SD	G4600190
MST	KS	G2001810
MST_only	AZ	G0400130
MST	NM	G3500060
EST	VA	G5105500
CST	AL	G0101250
CST	IL	G1700810
PST	CA	G0600890
EST	PA	G4200950
EST	SC	G4500290
MST	UT	G4900270
EST	PA	G4200270
CST	KY	G2101390
EST	NC	G3700190
CST	IL	G1700330
EST	NY	G3600150
EST	GA	G1301130
EST	NC	G3700210
EST	IN	G1800430
PST	OR	G4100290
EST	MI	G2601070
CST	MO	G2901390
MST	WY	G5600090
CST	MS	G2800910
CST	AR	G0501150
EST	NC	G3701090
PST	CA	G0601090
MST	NM	G3500290
MST	NM	G3500390
CST	AR	G0500730
CST	MO	G2900150
CST	AR	G0500230
MST	CO	G0800210
CST	KS	G2001270
EST	FL	G1200790
CST	TX	G4802750
MST	MT	G3000030
CST	MO	G2901790
MST	MT	G3000610
CST	AR	G0500070
CST	IL	G1701630
MST	MT	G3000950
EST	OH	G3901010
EST	VA	G5101210
PST	WA	G5300110
CST	WI	G5501190
EST	PA	G4200690
CST	LA	G2201010
EST	IN	G1800390
CST	LA	G2201190
CST	KS	G2001130
CST	OK	G4001310
EST	VA	G5101770
CST	IL	G1701030
CST	MO	G2901730
CST	IA	G1900590
EST	OH	G3901650
EST	NC	G3701010
EST	OH	G3900530
CST	ND	G3800930
CST	MN	G2700290
EST	VA	G5105400
EST	NJ	G3400410
CST	MS	G2800290
MST	CO	G0801050
CST	LA	G2200430
CST	WI	G5500550
CST	KS	G2001910
PST	OR	G4100570
CST	IA	G1901870
EST	KY	G2100650
EST	OH	G3901210
EST	VA	G5101390
EST	OH	G3900790
MST	UT	G4900170
PST	CA	G0600050
CST	KS	G2000010
CST	KY	G2101710
CST	OK	G4000790
CST	IL	G1702030
CST	MO	G2901190
MST	ND	G3800890
CST	ND	G3800970
EST	GA	G1301970
CST	ND	G3800630
CST	IA	G1901910
CST	KS	G2000290
CST	IA	G1900010
CST	IA	G1900790
CST	ND	G3800230
CST	TX	G4803570
CST	OK	G4000670
CST	ND	G3800270
MST	NM	G3500110
PST	CA	G0600650
EST	NJ	G3400290
CST	TX	G4800290
CST	IA	G1901830
EST	MD	G2400010
CST	TX	G4800410
MST	WY	G5600110
EST	ME	G2300190
CST	AR	G0500050
EST	GA	G1301350
EST	MI	G2601110
EST	OH	G3901510
PST	OR	G4100190
CST	TX	G4800510
EST	GA	G1301390
CST	KS	G2002090
EST	OH	G3900090
CST	KY	G2101070
EST	MD	G2400350
EST	VA	G5100010
EST	VA	G5101790
CST	IN	G1801270
CST	IA	G1900450
EST	ME	G2300130
CST	IL	G1700790
CST	MO	G2900010
MST	ID	G1600450
EST	GA	G1300870
EST	IN	G1800830
PST	CA	G0601030
CST	AL	G0100390
CST	AR	G0500790
EST	WV	G5400630
CST	MO	G2901470
CST	TX	G4804830
CST	IL	G1701850
CST	AR	G0500010
CST	OK	G4000870
CST	SD	G4601110
EST	GA	G1301090
PST	OR	G4100690
CST	FL	G1200330
EST	NC	G3700890
EST	NJ	G3400030
CST	IL	G1700430
EST	VA	G5100590
MST	CO	G0801230
CST	TX	G4802670
EST	TN	G4701550
EST	IN	G1801410
PST	OR	G4100170
CST	IA	G1901930
CST	MS	G2801510
CST	IL	G1701190
CST	WI	G5500250
CST	MO	G2900370
EST	SC	G4500510
EST	MI	G2600590
EST	IN	G1801670
EST	ME	G2300310
CST	IL	G1701350
MST	SD	G4600330
MST	WY	G5600330
EST	WV	G5400610
MST	ID	G1600510
EST	PA	G4200170
EST	NC	G3700310
EST	WV	G5400450
EST	RI	G4400030
EST	NC	G3701690
CST	MS	G2801490
CST	IL	G1701930
EST	MI	G2600350
MST	CO	G0800830
CST	WI	G5501230
EST	MD	G2400130
CST	IA	G1900330
PST	OR	G4100410
CST	TX	G4804990
CST	LA	G2200110
EST	VT	G5000150
EST	NY	G3600970
EST	IN	G1800410
CST	AL	G0100410
CST	AR	G0500250
PST	OR	G4100270
CST	AL	G0100370
EST	FL	G1200430
EST	VA	G5101150
EST	KY	G2102010
PST	WA	G5300590
EST	FL	G1201090
CST	MN	G2701710
EST	KY	G2100370
EST	SC	G4500230
EST	VA	G5106500
EST	SC	G4500630
MST_only	AZ	G0400150
CST	IA	G1901630
CST	TX	G4801870
CST	TN	G4700350
EST	KY	G2101990
CST	LA	G2200730
CST	IL	G1701830
CST	AR	G0500370
CST	OK	G4001130
EST	PA	G4201150
EST	WV	G5400590
EST	WV	G5400370
CST	OK	G4000150
MST	MT	G3000290
EST	NY	G3600390
CST	MN	G2700070
CST	IL	G1700290
CST	AR	G0500930
CST	MN	G2700270
CST	IL	G1701510
CST	OK	G4000590
EST	MI	G2600510
CST	IN	G1801490
CST	OK	G4000910
CST	TN	G4701330
CST	KS	G2000510
EST	MI	G2600850
CST	TX	G4804870
CST	KS	G2000430
EST	GA	G1302390
MST	NM	G3500230
EST	GA	G1301730
CST	KS	G2001510
CST	IA	G1901210
CST	KS	G2001350
CST	KS	G2000630
EST	OH	G3900490
EST	GA	G1300450
EST	FL	G1200410
EST	OH	G3901230
PST	WA	G5300170
CST	KS	G2001070
CST	NE	G3100650
PST	NV	G3200010
CST	MS	G2800490
CST	IA	G1900130
EST	FL	G1200870
EST	SC	G4500590
CST	AL	G0100150
PST	OR	G4100550
CST	KY	G2102330
CST	TX	G4800050
CST	IL	G1701730
EST	NC	G3700990
EST	IN	G1801050
EST	NC	G3700870
EST	WV	G5400190
CST	OK	G4000970
EST	IN	G1800690
CST	WI	G5500410
EST	NC	G3700030
CST	IL	G1700830
CST	OK	G4001390
PST	CA	G0600250
CST	TX	G4804090
CST	AR	G0500910
CST	KS	G2001150
MST	MT	G3000650
MST	UT	G4900030
EST	VA	G5101830
CST	MS	G2800830
CST	IA	G1901230
CST	MO	G2900330
MST	CO	G0800490
CST	WI	G5501210
CST	OK	G4000770
EST	KY	G2101950
CST	AL	G0100070
CST	KS	G2001710
CST	IA	G1901950
EST	GA	G1301810
EST	MI	G2601550
EST	GA	G1300670
EST	PA	G4200030
CST	MN	G2700130
CST	TN	G4701490
CST	TX	G4804390
EST	NJ	G3400250
CST	TX	G4804670
EST	NY	G3600530
CST	AL	G0100510
EST	PA	G4200510
EST	GA	G1303190
EST	NC	G3700730
CST	TN	G4700450
EST	NC	G3700010
CST	IA	G1900370
EST	PA	G4200090
CST	OK	G4000930
EST	MI	G2600070
CST	MS	G2800590
CST	TX	G4800190
CST	TX	G4800630
EST	GA	G1302510
CST	AL	G0101150
CST	IA	G1901070
EST	ME	G2300290
CST	MN	G2700810
EST	KY	G2100890
EST	GA	G1301070
EST	PA	G4201230
PST	ID	G1600490
EST	VT	G5000010
EST	OH	G3901630
CST	MS	G2801370
CST	TX	G4800210
CST	TX	G4804150
PST	OR	G4100370
CST	NE	G3100470
CST	MS	G2800130
CST	IA	G1900770
CST	TX	G4802890
EST	KY	G2101910
CST	MS	G2800230
CST	TX	G4801150
EST	GA	G1300370
MST	MT	G3000170
EST	MI	G2601130
CST	SD	G4601190
MST	CO	G0800270
CST	TX	G4804290
CST	SD	G4600210
CST	ND	G3800750
CST	KS	G2001730
EST	PA	G4200590
EST	SC	G4500910
EST	NC	G3700450
CST	MN	G2701030
CST	TN	G4701410
EST	VA	G5100350
EST	OH	G3900130
CST	KY	G2100470
MST	MT	G3001110
EST	IN	G1800770
CST	AL	G0101210
EST	IN	G1800710
EST	IN	G1801170
MST	UT	G4900050
EST	OH	G3900750
CST	IL	G1701050
EST	GA	G1300990
CST	AL	G0100770
MST	UT	G4900410
CST	IA	G1901150
CST	TX	G4800730
EST	NC	G3701750
CST	TX	G4804690
EST	IN	G1800150
EST	WV	G5400010
CST	KS	G2000210
CST	OK	G4000430
CST	MN	G2700990
EST	OH	G3901710
CST	MS	G2801130
EST	WV	G5400870
CST	TX	G4804550
EST	KY	G2101370
CST	NE	G3101470
CST	IA	G1901690
CST	MN	G2700310
CST	AR	G0500830
EST	KY	G2101930
MST	MT	G3000870
CST	IL	G1700150
CST	OK	G4000550
MST	CO	G0800570
MST	UT	G4900310
MST	CO	G0801030
CST	TX	G4803110
CST	TX	G4801090
CST	IA	G1901850
PST	NV	G3200170
CST	TX	G4804330
EST	OH	G3901530
MST	CO	G0800050
CST	TX	G4802010
CST	TX	G4802150
CST	IA	G1900630
CST	LA	G2201170
EST	FL	G1200210
PST	CA	G0600670
EST	ME	G2300110
EST	MI	G2601570
EST	GA	G1302090
CST	TN	G4701250
MST	NM	G3500490
EST	OH	G3900630
PST	CA	G0601010
EST	FL	G1200350
EST	VA	G5101950
CST	WI	G5501270
EST	NY	G3600450
MST	ID	G1600150
CST	TN	G4700210
CST	TX	G4804250
CST	IN	G1800510
MST	NE	G3100050
CST	WI	G5500170
CST	AL	G0101290
CST	AR	G0500870
PST	OR	G4100110
CST	IA	G1900490
CST	AL	G0100670
PST	ID	G1600090
CST	MN	G2700210
MST	CO	G0801090
CST	SD	G4601290
PST	CA	G0600210
CST	MO	G2900110
MST	SD	G4601370
CST	LA	G2200210
CST	KS	G2000370
CST	IL	G1701570
EST	IN	G1801190
MST	UT	G4900470
EST	KY	G2100430
CST	IA	G1901970
EST	KY	G2100970
CST	IL	G1700590
CST	MN	G2700110
EST	KY	G2100630
MST	CO	G0800610
MST	MT	G3000110
MST	NM	G3500210
CST	IL	G1701170
PST	CA	G0600610
CST	MS	G2800670
EST	OH	G3900890
EST	FL	G1201110
EST	KY	G2101110
CST	MN	G2700370
CST	AR	G0500850
MST	ID	G1600830
CST	LA	G2200970
CST	OK	G4001330
CST	OK	G4000470
EST	FL	G1200530
CST	MN	G2701370
EST	ME	G2300230
CST	WI	G5500290
EST	IN	G1800630
CST	MS	G2800870
MST	CO	G0800970
CST	TN	G4700750
EST	MI	G2600730
CST	TX	G4800970
CST	AR	G0500690
CST	WI	G5501250
EST	TN	G4700910
EST	KY	G2100230
MST	WY	G5600290
EST	GA	G1302050
EST	VA	G5108000
CST	WI	G5500470
EST	KY	G2101890
PST	WA	G5300370
CST	KS	G2000550
CST	MS	G2800790
CST	MO	G2901530
CST	IA	G1901250
CST	NE	G3101310
PST	NV	G3205100
CST	WI	G5501090
CST	KY	G2100010
EST	OH	G3900730
CST	OK	G4001510
EST	OH	G3901270
CST	TX	G4802190
CST	KS	G2000810
CST	OK	G4000490
CST	TX	G4800550
CST	TX	G4801470
CST	MN	G2700510
MST	ID	G1600670
EST	KY	G2100410
EST	SC	G4500170
CST	NE	G3100730
CST	ND	G3800770
MST	CO	G0801150
CST	AR	G0500530
CST	IA	G1900730
MST	TX	G4802290
MST	SD	G4600710
CST	NE	G3101030
PST	NV	G3200090
EST	FL	G1200190
PST	CA	G0600810
EST	NJ	G3400170
MST_only	AZ	G0400230
PST	WA	G5300350
CST	SD	G4600990
CST	MO	G2901090
EST	NY	G3600910
EST	MD	G2400370
PST	WA	G5300050
EST	OH	G3900950
CST	IL	G1701250
EST	IN	G1800330
EST	ME	G2300250
EST	VA	G5100610
CST	NE	G3100230
EST	GA	G1301550
CST	MS	G2801450
EST	IN	G1800470
CST	TX	G4804270
EST	GA	G1301770
EST	GA	G1301370
CST	SD	G4600910
CST	OK	G4000350
EST	IN	G1801510
EST	NC	G3701310
CST	AR	G0500990
MST	ID	G1600750
CST	AL	G0100290
PST	OR	G4100230
CST	WI	G5501150
MST	CO	G0800530
EST	VA	G5101470
EST	MI	G2600010
MST	CO	G0800470
EST	IN	G1801690
EST	FL	G1200770
CST	NE	G3100030
CST	KS	G2001830
EST	NC	G3700290
CST	ND	G3800990
PST	WA	G5300430
MST	UT	G4900010
CST	TX	G4800790
MST	CO	G0800770
CST	IL	G1700310
EST	DC	G1100010
MST_only	AZ	G0400270
EST	SC	G4500430
EST	OH	G3900230
MST_only	AZ	G0400210
EST	FL	G1200090
EST	GA	G1301870
EST	VA	G5107700
EST	KY	G2101850
EST	NY	G3600410
CST	WI	G5500850
EST	FL	G1200850
EST	VA	G5101610
EST	NY	G3600690
CST	LA	G2200830
CST	MO	G2901310
CST	ND	G3800150
EST	KY	G2100490
MST_only	AZ	G0400070
EST	SC	G4500310
CST	IA	G1900970
EST	IN	G1800010
CST	TN	G4700510
EST	TN	G4700570
EST	KY	G2100690
EST	OH	G3900390
CST	ND	G3800050
CST	TN	G4700390
MST	MT	G3000430
CST	TX	G4803690
MST	MT	G3000850
EST	GA	G1302310
CST	ND	G3800610
CST	IA	G1901590
CST	KS	G2001530
EST	GA	G1302650
EST	SC	G4500110
CST	MN	G2701230
EST	PA	G4201290
CST	OK	G4001210
CST	AR	G0500710
EST	MI	G2600050
EST	OH	G3900830
EST	KY	G2100290
MST	CO	G0801010
PST	CA	G0600070
EST	MD	G2400290
MST	CO	G0800670
EST	VA	G5108200
EST	TN	G4701050
CST	KY	G2102250
CST	KY	G2100990
CST	MN	G2700730
EST	MA	G2500030
CST	WI	G5500330
EST	MI	G2600570
CST	IA	G1900350
CST	IL	G1701270
CST	ND	G3801050
EST	IN	G1801750
EST	GA	G1302610
EST	GA	G1300710
EST	VT	G5000130
EST	GA	G1302490
CST	AL	G0100050
CST	NE	G3101430
CST	KS	G2000230
EST	GA	G1302430
EST	GA	G1303110
EST	VA	G5106400
CST	IL	G1701890
CST	ND	G3800450
CST	KY	G2100330
CST	TX	G4804950
EST	VA	G5100850
CST	TX	G4801390
EST	VA	G5106700
PST	WA	G5300150
EST	OH	G3900050
CST	TX	G4800330
EST	PA	G4201130
CST	TX	G4800830
EST	TN	G4700630
CST	NE	G3101770
MST	NM	G3500150
EST	IN	G1800550
CST	TX	G4802530
CST	TN	G4700710
MST	CO	G0800390
EST	TN	G4701710
CST	MS	G2800770
CST	MS	G2801050
EST	SC	G4500270
CST	MN	G2701430
MST	MT	G3000410
CST	NE	G3101790
CST	TX	G4800470
CST	IA	G1901310
CST	IA	G1900150
CST	MO	G2902050
CST	MN	G2701070
CST	TX	G4803330
CST	TX	G4801730
EST	KY	G2101730
EST	OH	G3900610
CST	IL	G1700250
CST	NE	G3100550
EST	ME	G2300090
EST	SC	G4500450
EST	PA	G4200630
CST	IL	G1701790
EST	OH	G3900250
CST	OK	G4000170
CST	AL	G0100450
EST	NY	G3600570
CST	TX	G4802130
MST	NM	G3500350
MST	WY	G5600070
EST	WV	G5400790
CST	WI	G5500490
CST	AR	G0500590
CST	MN	G2701690
EST	MI	G2601370
CST	KS	G2000530
CST	WI	G5500830
CST	MO	G2901450
EST	NC	G3700850
EST	PA	G4200310
EST	ME	G2300150
EST	KY	G2101470
EST	WV	G5400490
EST	NC	G3700150
CST	OK	G4000610
CST	MS	G2800310
CST	KY	G2100030
PST	NV	G3200150
CST	TX	G4802870
CST	TN	G4700330
EST	MI	G2600130
CST	IA	G1901010
MST	ND	G3800110
CST	OK	G4001290
PST	OR	G4100050
CST	AL	G0100030
EST	MA	G2500270
EST	MD	G2400170
CST	TX	G4802850
MST	UT	G4900110
EST	VA	G5106850
CST	IL	G1700350
CST	NE	G3100190
CST	TX	G4800150
EST	NY	G3600770
CST	IA	G1901470
CST	MS	G2800970
PST	OR	G4100430
CST	ND	G3800350
CST	IA	G1901050
CST	IA	G1901110
PST	OR	G4100090
CST	KS	G2000450
CST	IL	G1700730
CST	TX	G4800310
CST	IA	G1901290
CST	OK	G4000630
CST	AL	G0100750
CST	KS	G2001950
MST	MT	G3000230
MST	MT	G3000390
CST	NE	G3100350
CST	MS	G2801250
PST	OR	G4100210
CST	NE	G3100090
EST	SC	G4500190
EST	PA	G4200550
PST	CA	G0601050
CST	LA	G2201230
CST	WI	G5500010
CST	TN	G4701470
CST	LA	G2200090
EST	OH	G3901390
PST	OR	G4100310
EST	FL	G1200650
MST	WY	G5600370
MST	UT	G4900250
CST	TX	G4801930
EST	IN	G1800250
EST	KY	G2100170
CST	AR	G0500170
EST	FL	G1200930
EST	GA	G1301010
CST	LA	G2200070
EST	KY	G2101190
MST	UT	G4900150
CST	AR	G0501410
MST	MT	G3000530
CST	IL	G1700610
CST	MO	G2900810
EST	WV	G5400270
CST	LA	G2200750
CST	FL	G1200450
CST	MO	G2902030
CST	MN	G2700150
CST	AL	G0100210
CST	MO	G2901430
CST	NE	G3100870
EST	GA	G1302210
CST	WI	G5500110
CST	KS	G2001290
EST	VA	G5101590
CST	SD	G4600570
MST	MT	G3000550
CST	NE	G3101490
MST	WY	G5600270
EST	MD	G2400330
CST	LA	G2200890
EST	PA	G4200190
CST	IN	G1800910
CST	AR	G0500630
CST	TX	G4800670
EST	MD	G2400410
EST	IN	G1800350
CST	TX	G4803050
CST	WI	G5501370
PST	WA	G5300750
EST	KY	G2101510
EST	PA	G4201210
EST	NC	G3700170
CST	SD	G4600150
CST	MN	G2700930
CST	WI	G5500780
CST	TX	G4804070
EST	VA	G5100530
CST	IA	G1901090
EST	VA	G5107500
CST	TX	G4803090
CST	MO	G2900750
CST	TX	G4801450
MST	ID	G1600250
EST	GA	G1300030
PST	OR	G4100010
CST	IA	G1900850
EST	FL	G1200030
CST	TX	G4802050
CST	TX	G4803890
MST	KS	G2000710
CST	IL	G1700470
CST	MS	G2800330
EST	OH	G3900410
EST	FL	G1201030
CST	LA	G2200190
CST	LA	G2200550
CST	AR	G0501450
CST	MN	G2701630
EST	KY	G2101170
MST	UT	G4900350
EST	GA	G1301790
EST	IN	G1800030
CST	IA	G1901890
PST	OR	G4100350
CST	FL	G1201330
EST	PA	G4200390
EST	NC	G3700230
EST	GA	G1302250
PST	CA	G0600170
EST	ME	G2300030
EST	GA	G1301290
EST	IN	G1800270
EST	GA	G1302770
EST	MI	G2601350
EST	OH	G3900190
CST	TX	G4802210
EST	FL	G1200290
EST	OH	G3900110
EST	NC	G3701970
EST	VT	G5000230
CST	IA	G1901790
CST	TN	G4700970
CST	AR	G0500390
CST	NE	G3100710
CST	TX	G4801590
EST	WV	G5400570
CST	KY	G2100090
EST	SC	G4500470
CST	OK	G4000530
EST	GA	G1302670
CST	LA	G2200870
CST	WI	G5501290
CST	AR	G0500950
MST	ID	G1600630
MST	CO	G0800990
CST	TX	G4800870
EST	NY	G3600870
CST	TX	G4803670
PST	WA	G5300570
EST	IN	G1800930
EST	NY	G3601190
MST	CO	G0801170
CST	AL	G0100970
EST	PA	G4200130
CST	TX	G4803150
EST	MI	G2600810
EST	NH	G3300010
CST	AL	G0101030
EST	NY	G3600710
EST	GA	G1301530
CST	MO	G2901750
MST	SD	G4601030
CST	TN	G4701310
CST	TX	G4800910
EST	OH	G3901150
CST	AR	G0501190
EST	OH	G3900810
EST	IN	G1800610
EST	KY	G2100250
EST	GA	G1300150
CST	KS	G2001250
EST	MI	G2601230
PST	NV	G3200070
CST	KS	G2001470
CST	AR	G0500330
CST	ND	G3801010
MST	NM	G3500030
CST	KS	G2001550
EST	GA	G1301330
CST	FL	G1200130
MST	WY	G5600410
CST	KS	G2000410
EST	GA	G1302370
CST	IN	G1801230
CST	MO	G2900630
CST	TX	G4802170
MST	ND	G3800250
EST	MA	G2500190
CST	KS	G2000490
CST	WI	G5501070
CST	MN	G2701330
CST	ND	G3800690
CST	MS	G2800250
CST	TN	G4700830
CST	IA	G1901450
CST	MS	G2801430
MST	UT	G4900550
EST	IN	G1800090
MST	MT	G3000190
CST	ND	G3800290
EST	NY	G3601030
EST	GA	G1300550
PST	NV	G3200030
CST	WI	G5500570
EST	NC	G3701930
CST	AL	G0100690
EST	SC	G4500850
CST	TN	G4701570
CST	WI	G5501110
CST	TX	G4804170
MST	MT	G3000310
EST	NY	G3600730
CST	IL	G1701110
CST	MS	G2800850
EST	OH	G3900430
CST	TX	G4804490
EST	NC	G3701390
CST	MS	G2800750
CST	IL	G1701150
EST	MI	G2601590
EST	NC	G3701990
CST	LA	G2201150
CST	NE	G3100390
EST	GA	G1302950
MST_only	AZ	G0400110
EST	GA	G1302330
EST	NY	G3600370
CST	OK	G4000750
CST	IA	G1901670
MST	NE	G3100130
EST	GA	G1301570
PST	NV	G3200130
MST	MT	G3000730
CST	TX	G4803630
MST	UT	G4900090
CST	MS	G2801350
CST	IA	G1901430
CST	NE	G3101450
CST	TX	G4803830
CST	IL	G1701710
CST	LA	G2200850
CST	SD	G4601070
CST	SD	G4600170
CST	TX	G4803610
CST	TX	G4802090
EST	MD	G2400470
MST	NM	G3500130
CST	AL	G0100010
EST	NJ	G3400390
PST	CA	G0601070
EST	GA	G1301210
EST	FL	G1201290
EST	OH	G3900710
EST	MI	G2601270
CST	IA	G1900290
CST	AL	G0100250
CST	TX	G4801230
EST	GA	G1303170
EST	MD	G2400090
CST	AR	G0501350
CST	MS	G2800630
EST	NC	G3700590
EST	TN	G4701450
CST	WI	G5501390
EST	TN	G4701430
CST	OK	G4000830
EST	GA	G1301830
CST	TX	G4801950
EST	NY	G3600350
CST	TX	G4800930
PST	CA	G0601150
CST	TN	G4700470
CST	KS	G2001330
CST	WI	G5500150
MST	CO	G0801190
CST	IL	G1701310
CST	KS	G2001490
CST	OK	G4001250
EST	KY	G2101270
CST	OK	G4000190
CST	MO	G2902210
CST	IA	G1901650
EST	VA	G5100360
EST	WV	G5400930
EST	GA	G1303030
CST	AR	G0501290
MST	CO	G0800190
CST	ND	G3800730
EST	VA	G5106200
CST	TX	G4803450
EST	NJ	G3400270
CST	MS	G2801090
PST	CA	G0600710
EST	FL	G1200570
CST	KS	G2000150
EST	NH	G3300050
EST	NH	G3300070
CST	MO	G2900770
EST	GA	G1301150
EST	MI	G2601190
CST	TN	G4700530
CST	LA	G2200450
EST	OH	G3901170
CST	WI	G5501310
EST	NH	G3300150
EST	NJ	G3400350
CST	IL	G1701130
EST	VA	G5101970
CST	AL	G0100190
EST	MI	G2600390
CST	TX	G4804410
EST	OH	G3901110
CST	IL	G1700210
CST	TN	G4700490
EST	NC	G3701790
CST	MS	G2801630
EST	VA	G5101750
CST	TN	G4701670
EST	KY	G2102050
CST	TX	G4803910
CST	MS	G2801530
CST	TX	G4804710
EST	VA	G5100710
EST	GA	G1302130
MST	MT	G3000830
CST	AR	G0500430
MST	ID	G1600710
PST	OR	G4100130
CST	AR	G0500970
EST	KY	G2102350
EST	TN	G4701390
EST	VA	G5100830
CST	AR	G0501470
CST	TX	G4801190
CST	TX	G4803990
CST	NE	G3100210
EST	VA	G5100450
CST	TN	G4701090
CST	ND	G3800510
EST	NC	G3701250
EST	NC	G3701190
EST	PA	G4200290
CST	WI	G5500670
CST	WI	G5500510
EST	NY	G3600290
EST	NC	G3700370
EST	NC	G3701470
EST	SC	G4500870
EST	MA	G2500070
EST	CT	G0900070
EST	FL	G1200150
CST	IL	G1700090
EST	PA	G4200250
CST	NE	G3101390
CST	TX	G4801750
EST	WV	G5401090
EST	MI	G2600170
EST	IN	G1801090
EST	VA	G5100410
CST	KY	G2101010
PST	WA	G5300070
EST	NC	G3701050
CST	IA	G1901030
EST	IN	G1801370
CST	TN	G4700410
EST	VA	G5100890
EST	VA	G5101650
CST	MS	G2801310
CST	KY	G2102270
CST	TX	G4801910
EST	GA	G1300190
EST	IN	G1801810
EST	GA	G1301590
CST	TX	G4802950
CST	MN	G2700390
EST	KY	G2101550
CST	OK	G4001270
EST	TN	G4700670
EST	NC	G3701030
EST	KY	G2101290
PST	OR	G4100490
CST	KS	G2001670
CST	TX	G4803270
EST	MI	G2600830
CST	SD	G4601150
CST	TX	G4804430
CST	LA	G2201030
EST	NJ	G3400130
EST	IN	G1801770
EST	NC	G3701070
CST	OK	G4001430
EST	PA	G4200830
PST	NV	G3200230
CST	MS	G2801570
CST	MO	G2900970
CST	LA	G2200630
CST	WI	G5501170
CST	MO	G2900030
MST_only	AZ	G0400090
PST	OR	G4100610
CST	AR	G0501110
EST	IN	G1800230
CST	IL	G1701990
MST_only	AZ	G0400050
EST	OH	G3901070
CST	TX	G4801990
CST	SD	G4600050
EST	NC	G3701710
CST	IA	G1900310
CST	MS	G2801070
CST	KY	G2102070
EST	MI	G2601290
CST	AR	G0500110
CST	TN	G4700770
EST	GA	G1300750
EST	NC	G3700050
CST	NE	G3100930
MST	NM	G3500170
EST	VA	G5100290
CST	OK	G4001150
EST	GA	G1302870
CST	TX	G4802370
CST	OK	G4001030
EST	VA	G5100170
CST	TX	G4801010
CST	IA	G1901510
EST	MA	G2500050
CST	NE	G3100890
CST	TX	G4800490
EST	NY	G3600930
EST	MI	G2600650
CST	IA	G1901190
EST	GA	G1300630
EST	OH	G3900910
EST	OH	G3901090
CST	KS	G2001890
PST	OR	G4100630
CST	MS	G2800410
EST	GA	G1303090
CST	IA	G1900430
EST	MI	G2601450
CST	MO	G2901030
CST	MO	G2901670
PST	WA	G5300710
EST	NY	G3601150
CST	IA	G1901810
CST	MO	G2902250
CST	IL	G1700410
EST	GA	G1301410
CST	KS	G2001110
EST	KY	G2100790
EST	NC	G3700790
EST	GA	G1302890
CST	MS	G2800550
EST	MA	G2500110
MST	UT	G4900490
PST	WA	G5300770
EST	MI	G2601610
EST	VA	G5101990
EST	NC	G3701110
PST	WA	G5300730
CST	KS	G2001690
CST	IN	G1801630
CST	AR	G0501090
EST	IN	G1801030
EST	NJ	G3400010
CST	AR	G0500550
EST	SC	G4500730
CST	TX	G4800990
EST	SC	G4500350
EST	VA	G5100510
EST	VA	G5100430
CST	TN	G4701590
EST	MI	G2600690
EST	MI	G2600190
MST	ID	G1600130
CST	TX	G4804930
CST	IL	G1700390
EST	VA	G5101310
EST	GA	G1303210
CST	KS	G2001010
EST	NC	G3701530
CST	KY	G2100070
CST	KS	G2000850
CST	LA	G2201070
CST	TX	G4803410
PST	WA	G5300230
CST	NE	G3100170
MST	MT	G3000370
CST	NE	G3101250
CST	ND	G3800650
EST	PA	G4200470
PST	CA	G0600730
EST	PA	G4200070
EST	NY	G3600590
CST	MO	G2900190
EST	GA	G1301690
PST	OR	G4100150
EST	PA	G4200450
EST	VA	G5108100
EST	MD	G2400310
EST	FL	G1200750
MST	CO	G0800130
EST	VA	G5100310
CST	MI	G2600710
CST	TX	G4803310
CST	TX	G4804650
CST	TX	G4801710
CST	MS	G2800990
CST	TN	G4700990
EST	VT	G5000250
EST	WV	G5400770
MST	MT	G3000490
EST	NC	G3700110
CST	TX	G4802350
CST	ND	G3800950
CST	NE	G3100270
CST	TN	G4701110
CST	KY	G2100870
EST	KY	G2102370
CST	KY	G2101690
EST	FL	G1201250
EST	VA	G5100330
CST	MO	G2902150
EST	KY	G2101810
PST	NV	G3200270
EST	VA	G5100490
CST	IA	G1900910
CST	SD	G4600670
CST	MO	G2902270
MST	MT	G3000150
CST	MO	G2901290
CST	OK	G4000030
EST	OH	G3900850
EST	FL	G1200810
CST	IA	G1901270
EST	OH	G3901130
CST	TX	G4801210
CST	MO	G2901010
EST	GA	G1302690
CST	AL	G0101010
EST	PA	G4200970
PST	CA	G0600390
CST	TX	G4801830
CST	AL	G0100330
EST	WV	G5401030
EST	MI	G2600090
PST	CA	G0600930
CST	ND	G3800490
CST	IL	G1701650
CST	MN	G2701450
EST	SC	G4500030
CST	IL	G1700010
CST	MS	G2801170
EST	PA	G4201090
EST	KY	G2101250
EST	MI	G2600370
EST	VA	G5107350
EST	GA	G1301750
EST	VA	G5101430
CST	MO	G2901130
CST	AL	G0100870
EST	WV	G5400230
EST	MI	G2600790
CST	SD	G4600090
CST	MO	G2901270
EST	VA	G5100910
CST	MO	G2900130
MST	CO	G0801210
MST	UT	G4900510
CST	SD	G4601250
CST	WI	G5500610
MST	KS	G2000750
MST	ND	G3800870
MST	CO	G0800810
MST	ID	G1600230
EST	FL	G1200110
CST	IL	G1700270
EST	FL	G1201230
EST	MD	G2400210
EST	FL	G1200830
CST	LA	G2200370
EST	KY	G2101750
EST	GA	G1301110
CST	IL	G1702010
EST	GA	G1301850
EST	VA	G5101170
CST	TX	G4803370
CST	WI	G5500730
MST	CO	G0801070
CST	OK	G4000650
EST	WV	G5400530
CST	OK	G4000510
CST	KS	G2001030
EST	SC	G4500330
EST	IN	G1801830
EST	WV	G5400550
MST	NM	G3500610
CST	KS	G2000470
CST	AL	G0100110
CST	MO	G2901510
CST	AR	G0501270
CST	MN	G2701270
CST	ND	G3800790
CST	MO	G2901210
CST	TX	G4803350
PST	ID	G1600210
CST	MO	G2901110
CST	SD	G4600770
CST	SD	G4600970
EST	NC	G3701330
CST	AL	G0100890
MST	CO	G0800410
CST	KS	G2000730
EST	FL	G1201050
EST	MD	G2400150
MST	MT	G3000630
CST	IA	G1900250
EST	VA	G5105200
CST	MN	G2700250
PST	WA	G5300030
PST	CA	G0600330
CST	IL	G1700990
CST	AR	G0500450
EST	NC	G3700510
CST	AR	G0500670
MST	NE	G3100330
CST	TX	G4800130
EST	GA	G1302270
PST	WA	G5300670
EST	IN	G1801570
CST	KY	G2100310
CST	TX	G4802390
EST	OH	G3901350
EST	SC	G4500490
CST	LA	G2200470
MST	NM	G3500310
CST	SD	G4600250
CST	MN	G2700450
CST	NE	G3100990
EST	ME	G2300210
CST	IL	G1701870
CST	TX	G4802730
CST	IL	G1701290
MST	CO	G0800910
CST	TX	G4802630
EST	NC	G3701870
CST	IA	G1901610
MST	SD	G4601050
CST	TX	G4804610
EST	GA	G1300350
CST	NE	G3100010
EST	OH	G3900350
CST	AL	G0101110
CST	MO	G2902010
CST	KS	G2001590
EST	IN	G1801070
CST	MO	G2902170
CST	IA	G1900570
CST	MN	G2700350
CST	IL	G1700630
PST	WA	G5300270
MST	CO	G0800450
CST	MN	G2701150
MST	NM	G3500430
CST	MO	G2901990
EST	SC	G4500050
CST	TX	G4801490
EST	FL	G1200490
EST	GA	G1303010
CST	NE	G3101550
CST	MN	G2701510
CST	OK	G4001050
CST	NE	G3101290
CST	MS	G2800170
MST	UT	G4900390
CST	AL	G0100470
CST	IA	G1901770
CST	KY	G2100530
CST	NE	G3101150
CST	TX	G4804310
MST	MT	G3000250
PST	CA	G0600490
CST	SD	G4601210
CST	SD	G4600230
CST	NE	G3101270
MST	SD	G4600630
MST	NE	G3100070
EST	OH	G3900930
CST	MS	G2801470
EST	MI	G2601390
EST	IN	G1800370
EST	IN	G1801390
CST	MN	G2700410
EST	NY	G3600990
EST	NY	G3600070
EST	NC	G3700270
CST	KS	G2000610
CST	MO	G2900550
CST	FL	G1200050
CST	IL	G1701370
CST	FL	G1201130
EST	OH	G3900510
CST	NE	G3101690
EST	NC	G3701230
CST	WI	G5500350
PST	OR	G4100070
EST	NC	G3701950
CST	MN	G2700970
CST	WI	G5500870
CST	KS	G2000590
EST	PA	G4200650
EST	OH	G3901730
EST	VA	G5101710
EST	PA	G4201310
EST	MI	G2600210
CST	MN	G2700650
MST	NM	G3500530
EST	GA	G1300250
CST	TN	G4701770
CST	MO	G2901870
EST	NY	G3600330
PST	WA	G5300510
MST	ID	G1600470
CST	TN	G4701150
CST	LA	G2200230
EST	NC	G3700610
CST	AL	G0100130
CST	NE	G3100970
EST	GA	G1300650
CST	KS	G2000890
CST	ND	G3800310
CST	NE	G3101750
MST	MT	G3001030
CST	TX	G4802450
CST	AR	G0500490
PST	CA	G0600130
CST	WI	G5500390
CST	LA	G2200330
EST	NJ	G3400330
MST	CO	G0800150
EST	GA	G1302230
EST	GA	G1301910
EST	PA	G4201270
EST	GA	G1301270
MST	UT	G4900070
CST	AR	G0501030
CST	MS	G2800030
CST	AL	G0101230
CST	IA	G1901490
EST	VA	G5100050
EST	MI	G2600150
CST	AR	G0500190
EST	VT	G5000110
EST	VA	G5101090
CST	TX	G4804630
EST	IN	G1801450
CST	TX	G4800110
CST	TN	G4701810
CST	TX	G4804110
EST	IN	G1801710
CST	OK	G4001370
CST	LA	G2200030
CST	TX	G4802490
EST	GA	G1301050
EST	GA	G1301630
CST	AL	G0100530
CST	ND	G3800670
CST	IA	G1900230
CST	MO	G2901230
PST	CA	G0600430
CST	TX	G4800170
PST	NV	G3200110
CST	TX	G4800810
CST	IA	G1901410
EST	KY	G2101330
EST	GA	G1303070
MST	CO	G0800170
MST	CO	G0800010
CST	TN	G4701610
MST	ID	G1600010
EST	PA	G4201250
EST	PA	G4200430
EST	VA	G5107100
EST	TN	G4701630
EST	GA	G1300270
PST	WA	G5300090
MST	OR	G4100450
EST	IN	G1801650
CST	ND	G3800210
CST	KS	G2001610
CST	TX	G4802330
EST	NC	G3700830
CST	IL	G1701450
EST	OH	G3900670
CST	NE	G3100370
CST	ND	G3800090
EST	NC	G3700570
CST	MN	G2701650
EST	GA	G1301950
CST	MO	G2900730
EST	MI	G2600970
EST	VA	G5100770
CST	LA	G2200530
EST	KY	G2101090
EST	OH	G3901310
CST	IA	G1900090
CST	KY	G2100610
MST	MT	G3000710
EST	VA	G5100950
EST	OH	G3900990
EST	MA	G2500230
MST	WY	G5600390
CST	IL	G1700070
CST	KS	G2000910
EST	NY	G3600270
CST	IA	G1901530
EST	NY	G3600090
CST	MO	G2901830
CST	MO	G2900490
EST	GA	G1301030
EST	OH	G3900590
EST	WV	G5400690
CST	AL	G0100830
CST	MN	G2701550
MST	CO	G0800850
EST	WV	G5400830
MST	NE	G3101610
MST	MT	G3000090
PST	CA	G0600570
CST	KS	G2000350
CST	TX	G4803750
EST	FL	G1200270
EST	VT	G5000270
EST	IN	G1801130
CST	WI	G5500070
EST	WV	G5400430
PST	CA	G0600110
EST	NC	G3701490
CST	KS	G2001930
CST	TX	G4803230
EST	OH	G3900070
CST	MS	G2800950
MST	NE	G3101010
EST	IN	G1800070
CST	MO	G2900930
CST	TX	G4800030
CST	TN	G4700170
EST	IN	G1800210
CST	KS	G2001750
CST	AR	G0501230
EST	VA	G5106100
MST	ID	G1600870
CST	LA	G2201270
EST	KY	G2101310
CST	NE	G3100510
EST	GA	G1300050
EST	SC	G4500690
EST	IN	G1801010
CST	IA	G1900750
EST	VT	G5000090
CST	KS	G2001090
CST	TX	G4804210
CST	TX	G4804130
CST	TX	G4802930
EST	SC	G4500010
EST	PA	G4200710
CST	OK	G4000130
EST	SC	G4500070
CST	TN	G4701190
CST	MO	G2900070
CST	MI	G2600530
EST	NC	G3700550
CST	AL	G0100490
EST	NY	G3600190
EST	KY	G2100730
EST	VA	G5100270
CST	TN	G4701030
EST	PA	G4200050
EST	RI	G4400050
EST	VA	G5100190
CST	MS	G2800190
CST	AR	G0500210
CST	TN	G4701850
EST	SC	G4500370
CST	MO	G2900090
CST	OK	G4000230
EST	GA	G1301930
MST	MT	G3000010
CST	TN	G4700070
EST	GA	G1302350
EST	PA	G4200350
MST	NE	G3100450
CST	KS	G2000270
CST	MN	G2701190
EST	MI	G2601330
CST	IA	G1900710
CST	IA	G1900950
EST	PA	G4200570
EST	GA	G1300430
CST	NE	G3100850
CST	TN	G4701270
EST	GA	G1301490
CST	TX	G4803170
CST	NE	G3100590
CST	KS	G2000390
CST	NE	G3101710
MST	ID	G1600330
PST	CA	G0600590
CST	IL	G1700770
EST	NY	G3600130
EST	KY	G2102150
EST	FL	G1200690
PST	CA	G0600230
PST	CA	G0600850
CST	KY	G2101830
CST	TX	G4803970
EST	GA	G1300310
CST	MS	G2801410
EST	PA	G4200150
EST	ME	G2300270
EST	CT	G0900150
PST	CA	G0600550
MST	UT	G4900530
EST	MI	G2600870
CST	MN	G2700170
CST	IL	G1701690
EST	VA	G5101930
EST	NC	G3701350
EST	MD	G2400430
EST	NC	G3700710
CST	IL	G1700550
CST	OK	G4001070
CST	MO	G2901630
CST	NE	G3100670
EST	MI	G2600030
MST	CO	G0800090
EST	WV	G5400150
CST	TX	G4800230
CST	KS	G2002010
CST	KY	G2101410
CST	NE	G3100110
CST	MS	G2801390
EST	GA	G1301310
CST	TX	G4802790
CST	NE	G3101070
PST	WA	G5300690
MST	CO	G0800110
MST	MT	G3000450
MST	ID	G1600370
MST	CO	G0800250
CST	SD	G4600590
CST	SD	G4600390
CST	TX	G4804810
EST	FL	G1200990
CST	IN	G1801110
CST	AR	G0501490
EST	NJ	G3400150
EST	NC	G3701550
CST	LA	G2200170
MST	MT	G3000130
PST	CA	G0600830
EST	MI	G2601050
EST	GA	G1302170
PST	NV	G3200190
EST	GA	G1302850
CST	WI	G5500050
CST	KY	G2101570
CST	KY	G2102210
EST	NY	G3600210
MST	MT	G3000270
CST	WI	G5500930
CST	TX	G4800690
CST	TX	G4800710
MST	CO	G0800750
EST	IN	G1800650
CST	KS	G2000830
MST	UT	G4900450
CST	AR	G0500750
CST	MN	G2700550
EST	KY	G2102310
CST	AR	G0501010
CST	AR	G0501390
MST	CO	G0801110
CST	MN	G2701490
CST	MO	G2901710
CST	NE	G3100610
MST	SD	G4600310
MST	NE	G3100910